_UNIPROT ID,_UNIPROT ACC,6mer,_Position,_Verified,_cLIR,_xLIR,_Anchor,_PSSM score (e-value),_Species,_header,_full_length_seq,_ids_equal,_start_position,_n_matches,7mer
,O75143,DDFVMI,442‚Äì447,Yes,Yes,Yes,Yes,20 (8.4e-03),Human,sp|O75143|ATG13_HUMAN Autophagy-related protein 13 OS=Homo sapiens OX=9606 GN=ATG13 PE=1 SV=1,METDLNSQDRKDLDKFIKFFALKTVQVIVQARLGEKICTRSSSSPTGSDWFNLAIKDIPEVTHEAKKALAGQLPAVGRSMCVEISLKTSEGDSMELEIWCLEMNEKCDKEIKVSYTVYNRLSLLLKSLLAITRVTPAYRLSRKQGHEYVILYRIYFGEVQLSGLGEGFQTVRVGTVGTPVGTITLSCAYRINLAFMSTRQFERTPPIMGIIIDHFVDRPYPSSSPMHPCNYRTAGEDTGVIYPSVEDSQEVCTTSFSTSPPSQLSSSRLSYQPAALGVGSADLAYPVVFAAGLNATHPHQLMVPGKEGGVPLAPNQPVHGTQADQERLATCTPSDRTHCAATPSSSEDTETVSNSSEGRASPHDVLETIFVRKVGAFVNKPINQVTLTSLDIPFAMFAPKNLELEDTDPMVNPPDSPETESPLQGSLHSDGSSGGSSGNTHDDFVMIDFKPAFSKDDILPMDLGTFYREFQNPPQLSSLSIDIGAQSMAEDLDSLPEKLAVHEKNVREFDAFVETLQ,True,441,1,HDDFVMI
Atg1_YEAST,P53104,REYVVV,427‚Äì432,Yes,No,Yes,Yes,14 (5.7e-02),Yeast,sp|P53104|ATG1_YEAST Serine/threonine-protein kinase ATG1 OS=Saccharomyces cerevisiae (strain ATCC 204508 / S288c) OX=559292 GN=ATG1 PE=1 SV=1,MGDIKNKDHTTSVNHNLMASAGNYTAEKEIGKGSFATVYRGHLTSDKSQHVAIKEVSRAKLKNKKLLENLEIEIAILKKIKHPHIVGLIDCERTSTDFYLIMEYCALGDLTFLLKRRKELMENHPLLRTVFEKYPPPSENHNGLHRAFVLSYLQQLASALKFLRSKNLVHRDIKPQNLLLSTPLIGYHDSKSFHELGFVGIYNLPILKIADFGFARFLPNTSLAETLCGSPLYMAPEILNYQKYNAKADLWSVGTVVFEMCCGTPPFRASNHLELFKKIKRANDVITFPSYCNIEPELKELICSLLTFDPAQRIGFEEFFANKVVNEDLSSYELEDDLPELESKSKGIVESNMFVSEYLSKQPKSPNSNLAGHQSMADNPAELSDALKNSNILTAPAVKTDHTQAVDKKASNNKYHNSLVSDRSFEREYVVVEKKSVEVNSLADEVAQAGFNPNPIKHPTSTQNQNVLLNEQFSPNNQQYFQNQGENPRLLRATSSSSGGSDGSRRPSLVDRRLSISSLNPSNALSRALGIASTRLFGGANQQQQQQQITSSPPYSQTLLNSQLFHELTENIILRIDHLQHPETLKLDNTNIVSILESLAAKAFVVYSYAEVKFSQIVPLSTTLKGMANFENRRSMDSNAIAEEQDSDDAEEEDETLKKYKEDCLSTKTFGKGRTLSATSQLSATFNKLPRSEMILLCNEAIVLYMKALSILSKSMQVTSNWWYESQEKSCSLRVNVLVQWLREKFNECLEKADFLRLKINDLRFKHASEVAENQTLEEKGSSEEPVYLEKLLYDRALEISKMAAHMELKGENLYNCELAYATSLWMLETSLDDDDFTNAYGDYPFKTNIHLKSNDVEDKEKYHSVLDENDRIIIRKYIDSIANRLKILRQKMNHQN,True,426,1,EREYVVV
Atg32_YEAST,P40458,GSWQAI,84‚Äì89,Yes,No,Yes,Yes,17 (2.2e-02),Yeast,sp|P40458|ATG32_YEAST Autophagy-related protein 32 OS=Saccharomyces cerevisiae (strain ATCC 204508 / S288c) OX=559292 GN=ATG32 PE=1 SV=1,MVLEYQQREGKGSSSKSMPPDSSSTTIHTCSEAQTGEDKGLLDPHLSVLELLSKTGHSPSPMGQNLVTSIDISGNHNVNDSISGSWQAIQPLDLGASFIPERCSSQTTNGSILSSSDTSEEEQELLQAPAADIINIIKQGQEGANVVSPSHPFKQLQKIISLPLPGKEKTPFNEQDDDGDEDEAFEEDSVTITKSLTSSTNSFVMPKLSLTQKNPVFRLLILGRTGSSFYQSIPKEYQSLFELPKYHDSATFPQYTGIVIIFQELREMVSLLNRIVQYSQGKPVIPICQPGQVIQVKNVLKSFLRNKLVKLLFPPVVVTNKRDLKKMFQRLQDLSLEYGEDVNEEDNDDEAIHTKSRSYCRNKKAENSKKKSPKSNKKPKRKKQKFFTSWFTWGISITIGISFGCCVTYFVTAAYEHQTVKSLSLRPSILASLLSLDSSSDTINTPATASPSSTEQFLWFDKGTLQINFHSDGFIMKSLTIIKETWGKMNTFVLHALSKPLKFLENLNKSSEFSIDESNRILALGYILL,True,83,1,SGSWQAI
ATG4B_HUMAN** [MM],Q9Y4P1,LTYDTL,6‚Äì11,Yes,No,Yes,No,12 (1.1e-01),Human,sp|Q9Y4P1|ATG4B_HUMAN Cysteine protease ATG4B OS=Homo sapiens OX=9606 GN=ATG4B PE=1 SV=2,MDAATLTYDTLRFAEFEDFPETSEPVWILGRKYSIFTEKDEILSDVASRLWFTYRKNFPAIGGTGPTSDTGWGCMLRCGQMIFAQALVCRHLGRDWRWTQRKRQPDSYFSVLNAFIDRKDSYYSIHQIAQMGVGEGKSIGQWYGPNTVAQVLKKLAVFDTWSSLAVHIAMDNTVVMEEIRRLCRTSVPCAGATAFPADSDRHCNGFPAGAEVTNRPSPWRPLVLLIPLRLGLTDINEAYVETLKHCFMMPQSLGVIGGKPNSAHYFIGYVGEELIYLDPHTTQPAVEPTDGCFIPDESFHCQHPPCRMSIAELDPSIAVGFFCKTEDDFNDWCQQVKKLSLLGGALPMFELVELQPSHLACPDVLNLSLDSSDVERLERFFDSEDEDFEILSL,True,5,1,TLTYDTL
Atg19_YEAST,P35193,LTWEEL,410‚Äì415,Yes,No,Yes,No,18 (1.6e-02),Yeast,sp|P35193|ATG19_YEAST Autophagy-related protein 19 OS=Saccharomyces cerevisiae (strain ATCC 204508 / S288c) OX=559292 GN=ATG19 PE=1 SV=1,MNNSKTNQQMNTSMGYPLTVYDECNKFQLIVPTLDANIMLWCIGQLSLLNDSNGCKHLFWQPNDKSNVRILLNNYDYGHLFKYLQCQRKCSVYIGEGTLKKYNLTISTSFDNFLDLTPSEEKESLCREDAHEDPVSPKAGSEEEISPNSTSNVVVSRECLDNFMKQLLKLEESLNKLELEQKVTNKEPNHRISGTIDIPEDRSELVNFFTELKTVKQLEDVFQRYHDYERLSQECDSKTEIASDHSKKETKIEVEPPNERSLQITMNQRDNSLYFQLFNNTNSVLAGNCKLKFTDAGDKPTTQIIDMGPHEIGIKEYKEYRYFPYALDLEAGSTIEIENQYGEVIFLGKYGSSPMINLRPPSRLSAESLQASQEPFYSFQIDTLPELDDSSIISTSISLSYDGDDNEKALTWEEL,True,409,1,ALTWEEL
Atg3_YEAST,P40344,GDWEDL,268‚Äì273,Yes,No,Yes,No,22 (4.4e-03),Yeast,sp|P40344|ATG3_YEAST Autophagy-related protein 3 OS=Saccharomyces cerevisiae (strain ATCC 204508 / S288c) OX=559292 GN=ATG3 PE=1 SV=1,MIRSTLSSWREYLTPITHKSTFLTTGQITPEEFVQAGDYLCHMFPTWKWNEESSDISYRDFLPKNKQFLIIRKVPCDKRAEQCVEVEGPDVIMKGFAEDGDEDDVLEYIGSETEHVQSTPAGGTKDSSIDDIDELIQDMEIKEEDENDDTEEFNAKGGLAKDMAQERYYDLYIAYSTSYRVPKMYIVGFNSNGSPLSPEQMFEDISADYRTKTATIEKLPFYKNSVLSVSIHPCKHANVMKILLDKVRVVRQRRRKELQEEQELDGVGDWEDLQDDIDDSLRVDQYLIVFLKFITSVTPSIQHDYTMEGW,True,267,1,VGDWEDL
BNI3L_HUMAN,O60238,SSWVEL,34‚Äì39,Yes,No,Yes,Yes,20 (8.4e-03),Human,sp|O60238|BNI3L_HUMAN BCL2/adenovirus E1B 19 kDa protein-interacting protein 3-like OS=Homo sapiens OX=9606 GN=BNIP3L PE=1 SV=1,MSSHLVEPPPPLHNNNNNCEENEQSLPPPAGLNSSWVELPMNSSNGNDNGNGKNGGLEHVPSSSSIHNGDMEKILLDAQHESGQSSSRGSSHCDSPSPQEDGQIMFDVEMHTSRDHSSQSEEEVVEGEKEVEALKKSADWVSDWSSRPENIPPKEFHFRHPKRSVSLSMRKSGAMKKGGIFSAEFLKVFIPSLFLSHVLALGLGIYIGKRLSTPSASTY,True,33,1,NSSWVEL
,P27797,DDWDFL,198‚Äì203,Yes,Yes,Yes,Yes,26 (1.2e-03),Human,sp|P27797|CALR_HUMAN Calreticulin OS=Homo sapiens OX=9606 GN=CALR PE=1 SV=1,MLLSVPLLLGLLGLAVAEPAVYFKEQFLDGDGWTSRWIESKHKSDFGKFVLSSGKFYGDEEKDKGLQTSQDARFYALSASFEPFSNKGQTLVVQFTVKHEQNIDCGGGYVKLFPNSLDQTDMHGDSEYNIMFGPDICGPGTKKVHVIFNYKGKNVLINKDIRCKDDEFTHLYTLIVRPDNTYEVKIDNSQVESGSLEDDWDFLPPKKIKDPDASKPEDWDERAKIDDPTDSKPEDWDKPEHIPDPDAKKPEDWDEEMDGEWEPPVIQNPEYKGEWKPRQIDNPDYKGTWIHPEIDNPEYSPDPSIYAYDNFGVLGLDLWQVKSGTIFDNFLITNDEAYAEEFGNETWGVTKAAEKQMKDKQDEEQRLKEEEEDKKRKEEEEAEDKEDDEDKDEDEEDEEDKEEDEEEDVPGQAKDEL,True,197,1,EDDWDFL
,P22681,FGWLSL,800‚Äì805,Yes,No,Yes,Yes,18 (1.6e-02),Human,sp|P22681|CBL_HUMAN E3 ubiquitin-protein ligase CBL OS=Homo sapiens OX=9606 GN=CBL PE=1 SV=2,MAGNVKKSSGAGGGSGSGGSGSGGLIGLMKDAFQPHHHHHHHLSPHPPGTVDKKMVEKCWKLMDKVVRLCQNPKLALKNSPPYILDLLPDTYQHLRTILSRYEGKMETLGENEYFRVFMENLMKKTKQTISLFKEGKERMYEENSQPRRNLTKLSLIFSHMLAELKGIFPSGLFQGDTFRITKADAAEFWRKAFGEKTIVPWKSFRQALHEVHPISSGLEAMALKSTIDLTCNDYISVFEFDIFTRLFQPWSSLLRNWNSLAVTHPGYMAFLTYDEVKARLQKFIHKPGSYIFRLSCTRLGQWAIGYVTADGNILQTIPHNKPLFQALIDGFREGFYLFPDGRNQNPDLTGLCEPTPQDHIKVTQEQYELYCEMGSTFQLCKICAENDKDVKIEPCGHLMCTSCLTSWQESEGQGCPFCRCEIKGTEPIVVDPFDPRGSGSLLRQGAEGAPSPNYDDDDDERADDTLFMMKELAGAKVERPPSPFSMAPQASLPPVPPRLDLLPQRVCVPSSASALGTASKAASGSLHKDKPLPVPPTLRDLPPPPPPDRPYSVGAESRPQRRPLPCTPGDCPSRDKLPPVPSSRLGDSWLPRPIPKVPVSAPSSSDPWTGRELTNRHSLPFSLPSQMEPRPDVPRLGSTFSLDTSMSMNSSPLVGPECDHPKIKPSSSANAIYSLAARPLPVPKLPPGEQCEGEEDTEYMTPSSRPLRPLDTSQSSRACDCDQQIDSCTYEAMYNIQSQAPSITESSTFGEGNLAAAHANTGPEESENEDDGYDVPKPPVPAVLARRTLSDISNASSSFGWLSLDGDPTTNVTEGSQVPERPPKPFPRRINSERKAGSCQQGSGPAASAATASPQLSSEIENLMSQGYSYQDIQKALVIAQNNIEMAKNILREFVSISSPAHVAT,True,799,1,SFGWLSL
FUND1_HUMAN,Q8IVP5,DSYEVL,16‚Äì21,Yes,Yes,Yes,No,16 (3.0e-02),Human,sp|Q8IVP5|FUND1_HUMAN FUN14 domain-containing protein 1 OS=Homo sapiens OX=9606 GN=FUNDC1 PE=1 SV=1,MATRNPPPQDYESDDDSYEVLDLTEYARRHQWWNRVFGHSSGPMVEKYSVATQIVMGGVTGWCAGFLFQKVGKLAATAVGGGFLLLQIASHSGYVQIDWKRVEKDVNKAKRQIKKRANKAAPEINNLIEEATEFIKQNIVISSGFVGGFLLGLAS,True,15,1,DDSYEVL
OPTN_HUMAN,Q96CV9,DSFVEI,176‚Äì181,Yes,Yes,Yes,Yes,15 (4.2e-02),Human,sp|Q96CV9|OPTN_HUMAN Optineurin OS=Homo sapiens OX=9606 GN=OPTN PE=1 SV=3,MSHQPLSCLTEKEDSPSESTGNGPPHLAHPNLDTFTPEELLQQMKELLTENHQLKEAMKLNNQAMKGRFEELSAWTEKQKEERQFFEIQSKEAKERLMALSHENEKLKEELGKLKGKSERSSEDPTDDSRLPRAEAEQEKDQLRTQVVRLQAEKADLLGIVSELQLKLNSSGSSEDSFVEIRMAEGEAEGSVKEIKHSPGPTRTVSTGTALSKYRSRSADGAKNYFEHEELTVSQLLLCLREGNQKVERLEVALKEAKERVSDFEKKTSNRSEIETQTEGSTEKENDEEKGPETVGSEVEALNLQVTSLFKELQEAHTKLSEAELMKKRLQEKCQALERKNSAIPSELNEKQELVYTNKKLELQVESMLSEIKMEQAKTEDEKSKLTVLQMTHNKLLQEHNNALKTIEELTRKESEKVDRAVLKELSEKLELAEKALASKQLQMDEMKQTIAKQEEDLETMTILRAQMEVYCSDFHAERAAREKIHEEKEQLALQLAVLLKENDAFEDGGRQSLMEMQSRHGARTSDSDQQAYLVQRGAEDRDWRQQRNIPIHSCPKCGEVLPDIDTLQIHVMDCII,True,175,1,EDSFVEI
,Q8MQJ7,DDFVLV,389‚Äì394,Yes,Yes,Yes,Yes,17 (2.2e-02),Drosophila,"tr|Q8MQJ7|Q8MQJ7_DROME Autophagy-related 1, isoform B OS=Drosophila melanogaster OX=7227 GN=Atg1 PE=1 SV=1",MNIVGEYEYSSKDMLGHGAFAVVYKGRHRKKHMPVAIKCITKKGQLKTQNLLGKEIKILKELTELHHENVVALLDCKESQDCVSLVMEYCNGGDLADYLSVKGTLSEDTVRLFLVQLAGAMKALYTKGIVHRDLKPQNILLSHNYGKTLPAPSKITLKIADFGFARFLNEGAMAATLCGSPMYMAPEVIMSLQYDSKADLWSLGTIVYQCLTGKAPFYAQTPNELKSYYEQNANLAPKIPSGVSPDLRDLLLCLLRRNSKDRISYESFFVHRFLQGKKAAVSPGEPSQAANLRRRVSKSGVLPVDMPPLGGTPPAKAKSPLQQQLEQELKLVKLAEQQQKEREEQEAQEDENTVSVVANPAICATITNVGVLCDSENNSGSCSSHEDSDDFVLVPKNLPEDQRQGLAQVQAQPASGGQRPQQQQNQSSPPRPSSLPISEPKPVPAPARRQVARPGPLTVATLGGQQIPRSQPISVKQPRPDQRKSSVSSDINSISPPAVQFAIGTPPTRMRSASGGSLSETPPPHAPSTWQVSPGHSQSPLRRSGNSSPVLPSAALTKLPTLGSPTMLVAPGSLGSIGSAGSGSENNNQHHMLGPRAFTLPELGATGGLHSLLDTGAGGGGEPHAFQAPELSEETLMDREHNETLSKLNFVLALTDCIQEVADSRCAPLSTFMVAGSQSAAQAASADAQQIPPHAPEHCKRAERLVLLVRGLQLLSSGMNLASQQLSNGQLKPSSNVKNALLTMNAKYRSMLFESKRLNGSGLLQKANAFNITADKILYDYALDMCQAAALDELLKNTKNCFERYNTAHILLHSLVQKCNHPQDKMMLNKYRDAVEKRLSILQQHGYIYMTDENA,True,388,1,SDDFVLV
,Q9SB64,SEWDPI,659‚Äì664,Yes,No,Yes,No,20 (8.4e-03),Arabidopsis,sp|Q9SB64|NBR1_ARATH Protein NBR1 homolog OS=Arabidopsis thaliana OX=3702 GN=NBR1 PE=1 SV=1,MESTANALVVKVSYGGVLRRFRVPVKANGQLDLEMAGLKEKIAALFNLSADAELSLTYSDEDGDVVALVDDNDLFDVTNQRLKFLKINVNAGVSTNSAAPESSGSSTPAGMPNPVSKIQKGINDVLMAVPNPMRDTISKVYMDLASKASTSSPVVGEMLDCISKLGQLSIPQESSPCSPVTKPGSSGASLSRDVPSAGGKKDISERTQTGRKPVNLNEPTGAHSKTSGHVPNSSGLGANFNECPFSGSTMNYSCPNPVNLNKHPRRVCHSKKSTNGDYWTSLGVFHKGIRCDGCGVLPITGPRFKSKVKEDYDLCTICYSVMGNEGDYTRMDKPVSVQHLHPFRGPFTQFPNPWLSHPVPRATNGGAPLRCTRPKLDSRFVLDVNVIDGTVVAPSAPFTKIWKMRNSGSLVWPQGTQIVWIGGDRFCNSLSVDLQIPKEGVPIYSELDVKVDFVAPELPGRYISYWRMATSDGAKFGQRVWVLIHVDASLKNSVVNEFHGLNLNASPSLDENFPSEFLGIMNYESAQPGSSSVNPGTVKGTDLEGEVGETQAVEKENLLVGEAHPAIPHGHSPSSSSSSFNMVDFPSMPAVEVLSGGSSSTTKDVPVPLQEDIEKNDVEITMLKELEEMGFKEIDLNKEILRDNEYNLEQSVDALCGVSEWDPILEELQEMGFCDDVTNKRLLKKNNGSIKGVVMDLLTGEKEA,True,658,1,VSEWDPI
RBCC1_HUMAN,Q8TDY2,FDFETI,700‚Äì705,Yes,No,Yes,Yes,17 (2.2e-02),Human,sp|Q8TDY2|RBCC1_HUMAN RB1-inducible coiled-coil protein 1 OS=Homo sapiens OX=9606 GN=RB1CC1 PE=1 SV=3,MKLYVFLVNTGTTLTFDTELTVQTVADLKHAIQSKYKIAIQHQVLVVNGGECMAADRRVCTYSAGTDTNPIFLFNKEMILCDRPPAIPKTTFSTENDMEIKVEESLMMPAVFHTVASRTQLALEMYEVAKKLCSFCEGLVHDEHLQHQGWAAIMANLEDCSNSYQKLLFKFESIYSNYLQSIEDIKLKLTHLGTAVSVMAKIPLLECLTRHSYRECLGRLDSLPEHEDSEKAEMKRSTELVLSPDMPRTTNESLLTSFPKSVEHVSPDTADAESGKEIRESCQSTVHQQDETTIDTKDGDLPFFNVSLLDWINVQDRPNDVESLVRKCFDSMSRLDPRIIRPFIAECRQTIAKLDNQNMKAIKGLEDRLYALDQMIASCGRLVNEQKELAQGFLANQKRAENLKDASVLPDLCLSHANQLMIMLQNHRKLLDIKQKCTTAKQELANNLHVRLKWCCFVMLHADQDGEKLQALLRLVIELLERVKIVEALSTVPQMYCLAVVEVVRRKMFIKHYREWAGALVKDGKRLYEAEKSKRESFGKLFRKSFLRNRLFRGLDSWPPSFCTQKPRKFDCELPDISLKDLQFLQSFCPSEVQPFLRVPLLCDFEPLHQHVLALHNLVKAAQSLDEMSQTITDLLSEQKASVSQTSPQSASSPRMESTAGITTTTSPRTPPPLTVQDPLCPAVCPLEELSPDSIDAHTFDFETIPHPNIEQTIHQVSLDLDSLAESPESDFMSAVNEFVIEENLSSPNPISDPQSPEMMVESLYSSVINAIDSRRMQDTNVCGKEDFGDHTSLNVQLERCRVVAQDSHFSIQTIKEDLCHFRTFVQKEQCDFSNSLKCTAVEIRNIIEKVKCSLEITLKEKHQKELLSLKNEYEGKLDGLIKETEENENKIKKLKGELVCLEEVLQNKDNEFALVKHEKEAVICLQNEKDQKLLEMENIMHSQNCEIKELKQSREIVLEDLKKLHVENDEKLQLLRAELQSLEQSHLKELEDTLQVRHIQEFEKVMTDHRVSLEELKKENQQIINQIQESHAEIIQEKEKQLQELKLKVSDLSDTRCKLEVELALKEAETDEIKILLEESRAQQKETLKSLLEQETENLRTEISKLNQKIQDNNENYQVGLAELRTLMTIEKDQCISELISRHEEESNILKAELNKVTSLHNQAFEIEKNLKEQIIELQSKLDSELSALERQKDEKITQQEEKYEAIIQNLEKDRQKLVSSQEQDREQLIQKLNCEKDEAIQTALKEFKLEREVVEKELLEKVKHLENQIAKSPAIDSTRGDSSSLVAELQEKLQEEKAKFLEQLEEQEKRKNEEMQNVRTSLIAEQQTNFNTVLTREKMRKENIINDLSDKLKSTMQQQERDKDLIESLSEDRARLLEEKKKLEEEVSKLRSSSFVPSPYVATAPELYGACAPELPGESDRSAVETADEGRVDSAMETSMMSVQENIHMLSEEKQRIMLLERTLQLKEEENKRLNQRLMSQSMSSVSSRHSEKIAIRDFQVGDLVLIILDERHDNYVLFTVSPTLYFLHSESLPALDLKPGEGASGASRRPWVLGKVMEKEYCQAKKAQNRFKVPLGTKFYRVKAVSWNKKV,True,699,1,TFDFETI
SQSTM_HUMAN** [LL],Q13501,DDWTHL,336‚Äì341,Yes,No,Yes,Yes,24 (2.3e-03),Human,sp|Q13501|SQSTM_HUMAN Sequestosome-1 OS=Homo sapiens OX=9606 GN=SQSTM1 PE=1 SV=1,MASLTVKAYLLGKEDAAREIRRFSFCCSPEPEAEAEAAAGPGPCERLLSRVAALFPALRPGGFQAHYRDEDGDLVAFSSDEELTMAMSYVKDDIFRIYIKEKKECRRDHRPPCAQEAPRNMVHPNVICDGCNGPVVGTRYKCSVCPDYDLCSVCEGKGLHRGHTKLAFPSPFGHLSEGFSHSRWLRKVKHGHFGWPGWEMGPPGNWSPRPPRAGEARPGPTAESASGPSEDPSVNFLKNVGESVAAALSPLGIEVDIDVEHGGKRSRLTPVSPESSSTEEKSSSQPSSCCSDPSKPGGNVEGATQSLAEQMRKIALESEGRPEEQMESDNCSGGDDDWTHLSSKEVDPSTGELQSLQMPESEGPSSLDPSQEGPTGLKEAALYPHLPPEADPRLIESLSQMLSMGFSDEGGWLTRLLQTKNYDIGAALDTIQYSKHPPPL,True,335,1,DDDWTHL
STBD1_HUMAN** [LN],O95210,EEWEMV,201‚Äì206,Yes,Yes,Yes,No,21 (6.1e-03),Human,sp|O95210|STBD1_HUMAN Starch-binding domain-containing protein 1 OS=Homo sapiens OX=9606 GN=STBD1 PE=1 SV=1,MGAVWSALLVGGGLAGALFVWLLRGGPGDTGKDGDAEQEKDAPLGGAAIPGGHQSGSSGLSPGPSGQELVTKPEHLQESNGHLISKTKDLGKLQAASWRLQNPSREVCDNSREHVPSGQFPDTEAPATSETSNSRSYSEVSRNESLESPMGEWGFQKGQEISAKAATCFAEKLPSSNLLKNRAKEEMSLSDLNSQDRVDHEEWEMVPRHSSWGDVGVGGSLKAPVLNLNQGMDNGRSTLVEARGQQVHGKMERVAVMPAGSQQVSVRFQVHYVTSTDVQFIAVTGDHECLGRWNTYIPLHYNKDGFWSHSIFLPADTVVEWKFVLVENGGVTRWEECSNRFLETGHEDKVVHAWWGIH,True,200,1,HEEWEMV
T53I1_HUMAN,Q96A56,DEWILV,29‚Äì34,Yes,Yes,Yes,Yes,20 (8.4e-03),Human,sp|Q96A56|T53I1_HUMAN Tumor protein p53-inducible nuclear protein 1 OS=Homo sapiens OX=9606 GN=TP53INP1 PE=1 SV=1,MFQRLNKMFVGEVSSSSNQEPEFNEKEDDEWILVDFIDTCTGFSAEEEEEEEDISEESPTEHPSVFSCLPASLECLADTSDSCFLQFESCPMEESWFITPPPCFTAGGLTTIKVETSPMENLLIEHPSMSVYAVHNSCPGLSEATRGTDELHSPSSPRVEAQNEMGQHIHCYVAALAAHTTFLEQPKSFRPSQWIKEHSERQPLNRNSLRRQNLTRDCHPRQVKHNGWVVHQPCPRQYNY,True,28,1,DDEWILV
,Q3MII6,EDWDII,134‚Äì139,Yes,Yes,Yes,No,24 (2.3e-03),Human,sp|Q3MII6|TBC25_HUMAN TBC1 domain family member 25 OS=Homo sapiens OX=9606 GN=TBC1D25 PE=1 SV=2,MATASGASDLSGSGAPPPGVGAQAAAAAEEEEREVVRVRVKKCESFLPPEFRSFAVDPQITSLDVLQHILIRAFDLSGKKNFGISYLGRDRLGQEVYLSLLSDWDLSTAFATASKPYLQLRVDIRPSEDSPLLEDWDIISPKDVIGSDVLLAEKRSSLTTAALPFTQSILTQVGRTLSKVQQVLSWSYGEDVKPFKPPLSDAEFHTYLNHEGQLSRPEELRLRIYHGGVEPSLRKVVWRYLLNVYPDGLTGRERMDYMKRKSREYEQLKSEWAQRANPEDLEFIRSTVLKDVLRTDRAHPYYAGPEDGPHLRALHDLLTTYAVTHPQVSYCQGMSDLASPILAVMDHEGHAFVCFCGIMKRLAANFHPDGRAMATKFAHLKLLLRHADPDFYQYLQEAGADDLFFCYRWLLLELKREFAFDDALRMLEVTWSSLPPDPPEHEVELVGPPSQVADAGFGGHRGWPVRQRHMLRPAGGGGSTFEDAVDHLATASQGPGGGGRLLRQASLDGLQQLRDNMGSRRDPLVQLPHPAALISSKSLSEPLLNSPDPLLSSFSHPDSPSSSSPPSTQEASPTGDMAVGSPLMQEVGSPKDPGKSLPPVPPMGLPPPQEFGRGNPFMLFLCLAILLEHRDHIMRNGLDYNELAMHFDRLVRKHHLGRVLRRARALFADYLQSEVWDSEEGAEATAAS,True,133,1,LEDWDII
TBCD5_HUMAN,Q92609,KEWEEL,57‚Äì62,Yes,No,Yes,No,20 (8.4e-03),Human,sp|Q92609|TBCD5_HUMAN TBC1 domain family member 5 OS=Homo sapiens OX=9606 GN=TBC1D5 PE=1 SV=1,MYHSLSETRHPLQPEEQEVGIDPLSSYSNKSGGDSNKNGRRTSSTLDSEGTFNSYRKEWEELFVNNNYLATIRQKGINGQLRSSRFRSICWKLFLCVLPQDKSQWISRIEELRAWYSNIKEIHITNPRKVVGQQDLMINNPLSQDEGSLWNKFFQDKELRSMIEQDVKRTFPEMQFFQQENVRKILTDVLFCYARENEQLLYKQGMHELLAPIVFVLHCDHQAFLHASESAQPSEEMKTVLNPEYLEHDAYAVFSQLMETAEPWFSTFEHDGQKGKETLMTPIPFARPQDLGPTIAIVTKVNQIQDHLLKKHDIELYMHLNRLEIAPQIYGLRWVRLLFGREFPLQDLLVVWDALFADGLSLGLVDYIFVAMLLYIRDALISSNYQTCLGLLMHYPFIGDVHSLILKALFLRDPKRNPRPVTYQFHPNLDYYKARGADLMNKSRTNAKGAPLNINKVSNSLINFGRKLISPAMAPGSAGGPVPGGNSSSSSSVVIPTRTSAEAPSHHLQQQQQQQRLMKSESMPVQLNKGLSSKNISSSPSVESLPGGREFTGSPPSSATKKDSFFSNISRSRSHSKTMGRKESEEELEAQISFLQGQLNDLDAMCKYCAKVMDTHLVNIQDVILQENLEKEDQILVSLAGLKQIKDILKGSLRFNQSQLEAEENEQITIADNHYCSSGQGQGRGQGQSVQMSGAIKQASSETPGCTDRGNSDDFILISKDDDGSSARGSFSGQAQPLRTLRSTSGKSQAPVCSPLVFSDPLMGPASASSSNPSSSPDDDSSKDSGFTIVSPLDI,True,56,1,RKEWEEL
,Q92609,SGFTIV,785‚Äì790,Yes,No,Yes,Yes,11 (1.5e-01),Human,sp|Q92609|TBCD5_HUMAN TBC1 domain family member 5 OS=Homo sapiens OX=9606 GN=TBC1D5 PE=1 SV=1,MYHSLSETRHPLQPEEQEVGIDPLSSYSNKSGGDSNKNGRRTSSTLDSEGTFNSYRKEWEELFVNNNYLATIRQKGINGQLRSSRFRSICWKLFLCVLPQDKSQWISRIEELRAWYSNIKEIHITNPRKVVGQQDLMINNPLSQDEGSLWNKFFQDKELRSMIEQDVKRTFPEMQFFQQENVRKILTDVLFCYARENEQLLYKQGMHELLAPIVFVLHCDHQAFLHASESAQPSEEMKTVLNPEYLEHDAYAVFSQLMETAEPWFSTFEHDGQKGKETLMTPIPFARPQDLGPTIAIVTKVNQIQDHLLKKHDIELYMHLNRLEIAPQIYGLRWVRLLFGREFPLQDLLVVWDALFADGLSLGLVDYIFVAMLLYIRDALISSNYQTCLGLLMHYPFIGDVHSLILKALFLRDPKRNPRPVTYQFHPNLDYYKARGADLMNKSRTNAKGAPLNINKVSNSLINFGRKLISPAMAPGSAGGPVPGGNSSSSSSVVIPTRTSAEAPSHHLQQQQQQQRLMKSESMPVQLNKGLSSKNISSSPSVESLPGGREFTGSPPSSATKKDSFFSNISRSRSHSKTMGRKESEEELEAQISFLQGQLNDLDAMCKYCAKVMDTHLVNIQDVILQENLEKEDQILVSLAGLKQIKDILKGSLRFNQSQLEAEENEQITIADNHYCSSGQGQGRGQGQSVQMSGAIKQASSETPGCTDRGNSDDFILISKDDDGSSARGSFSGQAQPLRTLRSTSGKSQAPVCSPLVFSDPLMGPASASSSNPSSSPDDDSSKDSGFTIVSPLDI,True,784,1,DSGFTIV
T53I2_HUMAN,Q8IXH6,DGWLII,33‚Äì38,Yes,No,Yes,Yes,21 (6.1e-03),Human,sp|Q8IXH6|T53I2_HUMAN Tumor protein p53-inducible nuclear protein 2 OS=Homo sapiens OX=9606 GN=TP53INP2 PE=1 SV=2,MFQRLSSLFFSTPSPPEDPDCPRAFVSEEDEVDGWLIIDLPDSYAAPPSPGAAPAPAGRPPPAPSLMDESWFVTPPACFTAEGPGLGPARLQSSPLEDLLIEHPSMSVYVTGSTIVLEPGSPSPLPDAALPDGDLSEGELTPARREPRAARHAAPLPARAALLEKAGQVRRLQRARQRAERHALSAKAVQRQNRARESRPRRSKNQSSFIYQPCQRQFNY,True,32,1,VDGWLII
ULK1_HUMAN,O75385,DDFVMV,355‚Äì360,Yes,Yes,Yes,Yes,19 (1.2e-02),Human,sp|O75385|ULK1_HUMAN Serine/threonine-protein kinase ULK1 OS=Homo sapiens OX=9606 GN=ULK1 PE=1 SV=2,MEPGRGGTETVGKFEFSRKDLIGHGAFAVVFKGRHREKHDLEVAVKCINKKNLAKSQTLLGKEIKILKELKHENIVALYDFQEMANSVYLVMEYCNGGDLADYLHAMRTLSEDTIRLFLQQIAGAMRLLHSKGIIHRDLKPQNILLSNPAGRRANPNSIRVKIADFGFARYLQSNMMAATLCGSPMYMAPEVIMSQHYDGKADLWSIGTIVYQCLTGKAPFQASSPQDLRLFYEKNKTLVPTIPRETSAPLRQLLLALLQRNHKDRMDFDEFFHHPFLDASPSVRKSPPVPVPSYPSSGSGSSSSSSSTSHLASPPSLGEMQQLQKTLASPADTAGFLHSSRDSGGSKDSSCDTDDFVMVPAQFPGDLVAEAPSAKPPPDSLMCSGSSLVASAGLESHGRTPSPSPPCSSSPSPSGRAGPFSSSRCGASVPIPVPTQVQNYQRIERNLQSPTQFQTPRSSAIRRSGSTSPLGFARASPSPPAHAEHGGVLARKMSLGGGRPYTPSPQVGTIPERPGWSGTPSPQGAEMRGGRSPRPGSSAPEHSPRTSGLGCRLHSAPNLSDLHVVRPKLPKPPTDPLGAVFSPPQASPPQPSHGLQSCRNLRGSPKLPDFLQRNPLPPILGSPTKAVPSFDFPKTPSSQNLLALLARQGVVMTPPRNRTLPDLSEVGPFHGQPLGPGLRPGEDPKGPFGRSFSTSRLTDLLLKAAFGTQAPDPGSTESLQEKPMEIAPSAGFGGSLHPGARAGGTSSPSPVVFTVGSPPSGSTPPQGPRTRMFSAGPTGSASSSARHLVPGPCSEAPAPELPAPGHGCSFADPITANLEGAVTFEAPDLPEETLMEQEHTEILRGLRFTLLFVQHVLEIAALKGSASEAAGGPEYQLQESVVADQISLLSREWGFAEQLVLYLKVAELLSSGLQSAIDQIRAGKLCLSSTVKQVVRRLNELYKASVVSCQGLSLRLQRFFLDKQRLLDRIHSITAERLIFSHAVQMVQSAALDEMFQHREGCVPRYHKALLLLEGLQHMLSDQADIENVTKCKLCIERRLSALLTGICA,True,354,1,TDDFVMV
ULK2_HUMAN,Q8IYT8,DDFVLV,351‚Äì356,Yes,Yes,Yes,Yes,17 (2.2e-02),Human,sp|Q8IYT8|ULK2_HUMAN Serine/threonine-protein kinase ULK2 OS=Homo sapiens OX=9606 GN=ULK2 PE=1 SV=3,MEVVGDFEYSKRDLVGHGAFAVVFRGRHRQKTDWEVAIKSINKKNLSKSQILLGKEIKILKELQHENIVALYDVQELPNSVFLVMEYCNGGDLADYLQAKGTLSEDTIRVFLHQIAAAMRILHSKGIIHRDLKPQNILLSYANRRKSSVSGIRIKIADFGFARYLHSNMMAATLCGSPMYMAPEVIMSQHYDAKADLWSIGTVIYQCLVGKPPFQANSPQDLRMFYEKNRSLMPSIPRETSPYLANLLLGLLQRNQKDRMDFEAFFSHPFLEQGPVKKSCPVPVPMYSGSVSGSSCGSSPSCRFASPPSLPDMQHIQEENLSSPPLGPPNYLQVSKDSASTSSKNSSCDTDDFVLVPHNISSDHSCDMPVGTAGRRASNEFLVCGGQCQPTVSPHSETAPIPVPTQIRNYQRIEQNLTSTASSGTNVHGSPRSAVVRRSNTSPMGFLRPGSCSPVPADTAQTVGRRLSTGSSRPYSPSPLVGTIPEQFSQCCCGHPQGHDSRSRNSSGSPVPQAQSPQSLLSGARLQSAPTLTDIYQNKQKLRKQHSDPVCPSHTGAGYSYSPQPSRPGSLGTSPTKHLGSSPRSSDWFFKTPLPTIIGSPTKTTAPFKIPKTQASSNLLALVTRHGPAEEQSKDGNEPRECAHCLLVQGSERQRAEQQSKAVFGRSVSTGKLSDQQGKTPICRHQGSTDSLNTERPMDIAPAGACGGVLAPPAGTAASSKAVLFTVGSPPHSAAAPTCTHMFLRTRTTSVGPSNSGGSLCAMSGRVCVGSPPGPGFGSSPPGAEAAPSLRYVPYGASPPSLEGLITFEAPELPEETLMEREHTDTLRHLNVMLMFTECVLDLTAMRGGNPELCTSAVSLYQIQESVVVDQISQLSKDWGRVEQLVLYMKAAQLLAASLHLAKAQIKSGKLSPSTAVKQVVKNLNERYKFCITMCKKLTEKLNRFFSDKQRFIDEINSVTAEKLIYNCAVEMVQSAALDEMFQQTEDIVYRYHKAALLLEGLSRILQDPADIENVHKYKCSIERRLSALCHSTATV,True,350,1,TDDFVLV
CLH1_HUMAN,Q00610,PDWIFL,512‚Äì517,Yes,No,Yes,No,22 (4.4e-03),Human,sp|Q00610|CLH1_HUMAN Clathrin heavy chain 1 OS=Homo sapiens OX=9606 GN=CLTC PE=1 SV=5,MAQILPIRFQEHLQLQNLGINPANIGFSTLTMESDKFICIREKVGEQAQVVIIDMNDPSNPIRRPISADSAIMNPASKVIALKAGKTLQIFNIEMKSKMKAHTMTDDVTFWKWISLNTVALVTDNAVYHWSMEGESQPVKMFDRHSSLAGCQIINYRTDAKQKWLLLTGISAQQNRVVGAMQLYSVDRKVSQPIEGHAASFAQFKMEGNAEESTLFCFAVRGQAGGKLHIIEVGTPPTGNQPFPKKAVDVFFPPEAQNDFPVAMQISEKHDVVFLITKYGYIHLYDLETGTCIYMNRISGETIFVTAPHEATAGIIGVNRKGQVLSVCVEEENIIPYITNVLQNPDLALRMAVRNNLAGAEELFARKFNALFAQGNYSEAAKVAANAPKGILRTPDTIRRFQSVPAQPGQTSPLLQYFGILLDQGQLNKYESLELCRPVLQQGRKQLLEKWLKEDKLECSEELGDLVKSVDPTLALSVYLRANVPNKVIQCFAETGQVQKIVLYAKKVGYTPDWIFLLRNVMRISPDQGQQFAQMLVQDEEPLADITQIVDVFMEYNLIQQCTAFLLDALKNNRPSEGPLQTRLLEMNLMHAPQVADAILGNQMFTHYDRAHIAQLCEKAGLLQRALEHFTDLYDIKRAVVHTHLLNPEWLVNYFGSLSVEDSLECLRAMLSANIRQNLQICVQVASKYHEQLSTQSLIELFESFKSFEGLFYFLGSIVNFSQDPDVHFKYIQAACKTGQIKEVERICRESNCYDPERVKNFLKEAKLTDQLPLIIVCDRFDFVHDLVLYLYRNNLQKYIEIYVQKVNPSRLPVVIGGLLDVDCSEDVIKNLILVVRGQFSTDELVAEVEKRNRLKLLLPWLEARIHEGCEEPATHNALAKIYIDSNNNPERFLRENPYYDSRVVGKYCEKRDPHLACVAYERGQCDLELINVCNENSLFKSLSRYLVRRKDPELWGSVLLESNPYRRPLIDQVVQTALSETQDPEEVSVTVKAFMTADLPNELIELLEKIVLDNSVFSEHRNLQNLLILTAIKADRTRVMEYINRLDNYDAPDIANIAISNELFEEAFAIFRKFDVNTSAVQVLIEHIGNLDRAYEFAERCNEPAVWSQLAKAQLQKGMVKEAIDSYIKADDPSSYMEVVQAANTSGNWEELVKYLQMARKKARESYVETELIFALAKTNRLAELEEFINGPNNAHIQQVGDRCYDEKMYDAAKLLYNNVSNFGRLASTLVHLGEYQAAVDGARKANSTRTWKEVCFACVDGKEFRLAQMCGLHIVVHADELEELINYYQDRGYFEELITMLEAALGLERAHMGMFTELAILYSKFKPQKMREHLELFWSRVNIPKVLRAAEQAHLWAELVFLYDKYEEYDNAIITMMNHPTDAWKEGQFKDIITKVANVELYYRAIQFYLEFKPLLLNDLLMVLSPRLDHTRAVNYFSKVKQLPLVKPYLRSVQNHNNKSVNESLNNLFITEEDYQALRTSIDAYDNFDNISLAQRLEKHELIEFRRIAAYLFKGNNRWKQSVELCKKDSLYKDAMQYASESKDTELAEELLQWFLQEEKRECFGACLFTCYDLLRPDVVLETAWRHNIMDFAMPYFIQVMKEYLTKVDKLDASESLRKEEEQATETQPIVYGQPQLMLTAGPSVAVPPQAPFGYGYTAPPYGQPQPGFGYSM,True,511,1,TPDWIFL
DVL2_HUMAN,O14641,RMWLKI,442‚Äì447,Yes,No,Yes,No,18 (1.6e-02),Human,sp|O14641|DVL2_HUMAN Segment polarity protein dishevelled homolog DVL-2 OS=Homo sapiens OX=9606 GN=DVL2 PE=1 SV=1,MAGSSTGGGGVGETKVIYHLDEEETPYLVKIPVPAERITLGDFKSVLQRPAGAKYFFKSMDQDFGVVKEEISDDNARLPCFNGRVVSWLVSSDNPQPEMAPPVHEPRAELAPPAPPLPPLPPERTSGIGDSRPPSFHPNVSSSHENLEPETETESVVSLRRERPRRRDSSEHGAGGHRTGGPSRLERHLAGYESSSTLMTSELESTSLGDSDEEDTMSRFSSSTEQSSASRLLKRHRRRRKQRPPRLERTSSFSSVTDSTMSLNIITVTLNMEKYNFLGISIVGQSNERGDGGIYIGSIMKGGAVAADGRIEPGDMLLQVNDMNFENMSNDDAVRVLRDIVHKPGPIVLTVAKCWDPSPQAYFTLPRNEPIQPIDPAAWVSHSAALTGTFPAYPGSSSMSTITSGSSLPDGCEGRGLSVHTDMASVTKAMAAPESGLEVRDRMWLKITIPNAFLGSDVVDWLYHHVEGFPERREARKYASGLLKAGLIRHTVNKITFSEQCYYVFGDLSGGCESYLVNLSLNDNDGSSGASDQDTLAPLPGATPWPLLPTFSYQYPAPHPYSPQPPPYHELSSYTYGGGSASSQHSEGSRSSGSTRSDGGAGRTGRPEERAPESKSGSGSESEPSSRGGSLRRGGEASGTSDGGPPPSRGSTGGAPNLRAHPGLHPYGPPPGMALPYNPMMVVMMPPPPPPVPPAVQPPGAPPVRDLGSVPPELTASRQSFHMAMGNPSEFFVDVM,True,441,1,DRMWLKI
,Q9BQS8,AVFDII,1278‚Äì1283,Yes,No,Yes,Yes,8 (3.9e-01),Human,sp|Q9BQS8|FYCO1_HUMAN FYVE and coiled-coil domain-containing protein 1 OS=Homo sapiens OX=9606 GN=FYCO1 PE=1 SV=3,MASTNAESQLQRIIRDLQDAVTELSKEFQEAGEPITDDSTSLHKFSYKLEYLLQFDQKEKATLLGNKKDYWDYFCACLAKVKGANDGIRFVKSISELRTSLGKGRAFIRYSLVHQRLADTLQQCFMNTKVTSDWYYARSPFLQPKLSSDIVGQLYELTEVQFDLASRGFDLDAAWPTFARRTLTTGSSAYLWKPPSRSSSMSSLVSSYLQTQEMVSNFDLNSPLNNEALEGFDEMRLELDQLEVREKQLRERMQQLDRENQELRAAVSQQGEQLQTERERGRTAAEDNVRLTCLVAELQKQWEVTQATQNTVKELQTCLQGLELGAAEKEEDYHTALRRLESMLQPLAQELEATRDSLDKKNQHLASFPGWLAMAQQKADTASDTKGRQEPIPSDAAQEMQELGEKLQALERERTKVEEVNRQQSAQLEQLVKELQLKEDARASLERLVKEMAPLQEELSGKGQEADQLWRRLQELLAHTSSWEEELAELRREKKQQQEEKELLEQEVRSLTRQLQFLETQLAQVSQHVSDLEEQKKQLIQDKDHLSQQVGMLERLAGPPGPELPVAGEKNEALVPVNSSLQEAWGKPEEEQRGLQEAQLDDTKVQEGSQEEELRQANRELEKELQNVVGRNQLLEGKLQALQADYQALQQRESAIQGSLASLEAEQASIRHLGDQMEASLLAVRKAKEAMKAQMAEKEAILQSKEGECQQLREEVEQCQQLAEARHRELRALESQCQQQTQLIEVLTAEKGQQGVGPPTDNEARELAAQLALSQAQLEVHQGEVQRLQAQVVDLQAKMRAALDDQDKVQSQLSMAEAVLREHKTLVQQLKEQNEALNRAHVQELLQCSEREGALQEERADEAQQREEELRALQEELSQAKCSSEEAQLEHAELQEQLHRANTDTAELGIQVCALTVEKERVEEALACAVQELQDAKEAASREREGLERQVAGLQQEKESLQEKLKAAKAAAGSLPGLQAQLAQAEQRAQSLQEAAHQELNTLKFQLSAEIMDYQSRLKNAGEECKSLRGQLEEQGRQLQAAEEAVEKLKATQADMGEKLSCTSNHLAECQAAMLRKDKEGAALREDLERTQKELEKATTKIQEYYNKLCQEVTNRERNDQKMLADLDDLNRTKKYLEERLIELLRDKDALWQKSDALEFQQKLSAEERWLGDTEANHCLDCKREFSWMVRRHHCRICGRIFCYYCCNNYVLSKHGGKKERCCRACFQKLSEGPGSPDSSGSGTSQGEPSPALSPASPGPQATGGQGANTDYRPPDDAVFDIITDEELCQIQESGSSLPETPTETDSLDPNAAEQDTTSTSLTPEDTEDMPVGQDSEICLLKSGELMIKVPLTVDEIASFGEGSRELFVRSSTYSLIPITVAEAGLTISWVFSSDPKSISFSVVFQEAEDTPLDQCKVLIPTTRCNSHKENIQGQLKVRTPGIYMLIFDNTFSRFVSKKVFYHLTVDRPVIYDGSDFL,True,1277,1,DAVFDII
,Q14596,EDYIII,730‚Äì735,Yes,Yes,Yes,Yes,17 (2.2e-02),Human,sp|Q14596|NBR1_HUMAN Next to BRCA1 gene 1 protein OS=Homo sapiens OX=9606 GN=NBR1 PE=1 SV=3,MEPQVTLNVTFKNEIQSFLVSDPENTTWADIEAMVKVSFDLNTIQIKYLDEENEEVSINSQGEYEEALKMAVKQGNQLQMQVHEGHHVVDEAPPPVVGAKRLAARAGKKPLAHYSSLVRVLGSDMKTPEDPAVQSFPLVPCDTDQPQDKPPDWFTSYLETFREQVVNETVEKLEQKLHEKLVLQNPSLGSCPSEVSMPTSEETLFLPENQFSWHIACNNCQRRIVGVRYQCSLCPSYNICEDCEAGPYGHDTNHVLLKLRRPVVGSSEPFCHSKYSTPRLPAALEQVRLQKQVDKNFLKAEKQRLRAEKKQRKAEVKELKKQLKLHRKIHLWNSIHGLQSPKSPLGRPESLLQSNTLMLPLQPCTSVMPMLSAAFVDENLPDGTHLQPGTKFIKHWRMKNTGNVKWSADTKLKFMWGNLTLASTEKKDVLVPCLKAGHVGVVSVEFIAPALEGTYTSHWRLSHKGQQFGPRVWCSIIVDPFPSEESPDNIEKGMISSSKTDDLTCQQEETFLLAKEERQLGEVTEQTEGTAACIPQKAKNVASERELYIPSVDLLTAQDLLSFELLDINIVQELERVPHNTPVDVTPCMSPLPHDSPLIEKPGLGQIEEENEGAGFKALPDSMVSVKRKAENIASVEEAEEDLSGTQFVCETVIRSLTLDAAPDHNPPCRQKSLQMTFALPEGPLGNEKEEIIHIAEEEAVMEEEEDEEDEEEEDELKDEVQSQSSASSEDYIIILPECFDTSRPLGDSMYSSALSQPGLERGAEGKPGVEAGQEPAEAGERLPGGENQPQEHSISDILTTSQTLETVPLIPEVVELPPSLPRSSPCVHHHGSPGVDLPVTIPEVSSVPDQIRGEPRGSSGLVNSRQKSYDHSRHHHGSSIAGGLVKGALSVAASAYKALFAGPPVTAQPIISEDQTAALMAHLFEMGFCDRQLNLRLLKKHNYNILQVVTELLQLNNNDWYSQRY,True,729,1,SEDYIII
