_ID,_Position,_Hit,_Length,_Input Count,_ER 0,_ER 1,_ER 3,_4,_5,_6,_Max Sort,_Count sum,avg_z_score,_Trimmed peptides,_Bind/Nonbind,4mer,6mer,8mer,14mer,_24_mer,_12_mer,_sequence_length,_nonLIR_6,_nonLIR_8,_nonLIR_7,_nonLIR_5,7mer,5mer,true label,lir_type
DIDNFDIDDFDDDDDWEDICII,44,,22,976,,,,12.1056095,13.22931547,14.03183576,6,589335,4.11,DIDDFDDDDDWEDICII-------,Bind,WEDI,DDWEDI,DDDDWEDI,DIDDFDDDDDWEDI,DIDDFDDDDDWEDICII-------,DDDDWEDICII-,24,DDWEDI,DDDDWEDI,DDDWEDI,DWEDI,DDDWEDI,DWEDI,1,...[FWY]..[LVI]
LWQPHSSKQDDMWEHIAISML,41,,21,244,,,,12.10413711,12.85485158,13.58494807,6,155549,3.99,QPHSSKQDDMWEHIAISML-----,Bind,WEHI,DMWEHI,QDDMWEHI,QPHSSKQDDMWEHI,QPHSSKQDDMWEHIAISML-----,QDDMWEHIAISM,24,DMWEHI,QDDMWEHI,DDMWEHI,MWEHI,DDMWEHI,MWEHI,1,...[FWY]..[LVI]
VIEEADLDGDGSWALLTSRT,41,,20,10,,,,11.960512,12.78638821,12.78200885,6,7445,3.85,EEADLDGDGSWALLTSRT------,Bind,WALL,GSWALL,GDGSWALL,EEADLDGDGSWALL,EEADLDGDGSWALLTSRT------,GDGSWALLTSRT,24,GSWALL,GDGSWALL,DGSWALL,SWALL,DGSWALL,SWALL,1,...[FWY]..[LVI]
QIPENSTSSQADDEWCYVLI,43,,20,91,,,,11.83832719,12.6298295,12.70513548,6,54989,3.8,NSTSSQADDEWCYVLI--------,Bind,WCYV,DEWCYV,ADDEWCYV,NSTSSQADDEWCYV,NSTSSQADDEWCYVLI--------,ADDEWCYVLI--,24,DEWCYV,ADDEWCYV,DDEWCYV,EWCYV,DDEWCYV,EWCYV,1,...[FWY]..[LVI]
LHNPESGEEAVALLEELQRDLGWDILA,51,,27,13,,,,12.02097395,12.59445283,12.50948792,6,8713,3.8,LLEELQRDLGWDILA---------,Bind,WDIL,LGWDIL,RDLGWDIL,LLEELQRDLGWDIL,LLEELQRDLGWDILA---------,RDLGWDILA---,24,LGWDIL,RDLGWDIL,DLGWDIL,GWDIL,DLGWDIL,GWDIL,1,...[FWY]..[LVI]
EDWDMLDVDEDEKLTGEEEFELLLVRLV,31,,28,12,,,,11.86211592,12.40854933,12.249456,6,7435,3.71,GGSGIPLREDWDMLDVDEDEKLTG,Bind,WDML,EDWDML,LREDWDML,GGSGIPLREDWDML,GGSGIPLREDWDMLDVDEDEKLTG,LREDWDMLDVDE,24,EDWDML,LREDWDML,REDWDML,DWDML,REDWDML,DWDML,1,...[FWY]..[LVI]
EDWDMLDVDEDEKLTGEEEFELLLVRLV,48,,28,12,,,,11.86211592,12.40854933,12.249456,6,7435,3.71,EDEKLTGEEEFELLLVRLV-----,Bind,FELL,EEFELL,GEEEFELL,EDEKLTGEEEFELL,EDEKLTGEEEFELLLVRLV-----,GEEEFELLLVRL,24,EEFELL,GEEEFELL,EEEFELL,EFELL,EEEFELL,EFELL,1,...[FWY]..[LVI]
ASTISSNASKGREAMEWVIIN,45,,21,11,,,,11.82611941,12.32088775,12.06277394,6,5845,3.67,NASKGREAMEWVIIN---------,Bind,WVII,MEWVII,EAMEWVII,NASKGREAMEWVII,NASKGREAMEWVIIN---------,EAMEWVIIN---,24,MEWVII,EAMEWVII,AMEWVII,EWVII,AMEWVII,EWVII,1,...[FWY]..[LVI]
RPSETGSDDDWEYLLNSDYHQNVESHL,39,,27,144,,,,11.44220798,12.25492614,12.51681633,6,63291,3.67,RPSETGSDDDWEYLLNSDYHQNVE,Bind,WEYL,DDWEYL,SDDDWEYL,RPSETGSDDDWEYL,RPSETGSDDDWEYLLNSDYHQNVE,SDDDWEYLLNSD,24,DDWEYL,SDDDWEYL,DDDWEYL,DWEYL,DDDWEYL,DWEYL,1,...[FWY]..[LVI]
LINILLPGSLEPVRPFSNWEVLDS,44,,24,226,,,,11.53850566,11.99580552,12.52211987,6,99899,3.65,LPGSLEPVRPFSNWEVLDS-----,Bind,FSNW,RPFSNW,PVRPFSNW,LPGSLEPVRPFSNW,LPGSLEPVRPFSNWEVLDS-----,PVRPFSNWEVLD,24,RPFSNW,PVRPFSNW,VRPFSNW,PFSNW,VRPFSNW,PFSNW,1,...[FWY]..[WFY]
DIDNFDIDDFDDDDDWEDIMHNLAASKSSTAAYQPI,61,,36,973,,,,11.4263295,12.07593305,12.37643282,6,441279,3.62,LAASKSSTAAYQPIRIARGSGSEQ,Bind,YQPI,AAYQPI,STAAYQPI,LAASKSSTAAYQPI,LAASKSSTAAYQPIRIARGSGSEQ,STAAYQPIRIAR,24,AAYQPI,STAAYQPI,TAAYQPI,AYQPI,TAAYQPI,AYQPI,1,...[FWY]..[LVI]
DVWEILRRHRHLSTSASPSSTASLTCAAC,31,,29,24,,,,11.50004191,12.16979161,11.91036736,6,10891,3.58,GGSGIPLRDVWEILRRHRHLSTSA,Bind,WEIL,DVWEIL,LRDVWEIL,GGSGIPLRDVWEIL,GGSGIPLRDVWEILRRHRHLSTSA,LRDVWEILRRHR,24,DVWEIL,LRDVWEIL,RDVWEIL,VWEIL,RDVWEIL,VWEIL,1,...[FWY]..[LVI]
AVNFTQEEWTLLDISQKNLS,37,,20,25,,,,11.29518338,11.92389173,12.16697549,6,9115,3.55,LRAVNFTQEEWTLLDISQKNLS--,Bind,WTLL,EEWTLL,TQEEWTLL,LRAVNFTQEEWTLL,LRAVNFTQEEWTLLDISQKNLS--,TQEEWTLLDISQ,24,EEWTLL,TQEEWTLL,QEEWTLL,EWTLL,QEEWTLL,EWTLL,1,...[FWY]..[LVI]
EKNVYCQQTLCTSELFEDLTWFLSNDQTLI,44,,30,13,,,,11.69285866,11.96383921,11.56259926,6,7166,3.53,CQQTLCTSELFEDLTWFLSNDQTL,Bind,FEDL,ELFEDL,TSELFEDL,CQQTLCTSELFEDL,CQQTLCTSELFEDLTWFLSNDQTL,TSELFEDLTWFL,24,ELFEDL,TSELFEDL,SELFEDL,LFEDL,SELFEDL,LFEDL,1,...[FWY]..[LVI]
SVSTLLDTNILAPATDLLMSWVML,49,,24,77,,,,11.19532099,11.79085562,12.18663247,6,29063,3.52,LAPATDLLMSWVML----------,Bind,WVML,MSWVML,LLMSWVML,LAPATDLLMSWVML,LAPATDLLMSWVML----------,LLMSWVML----,24,MSWVML,LLMSWVML,LMSWVML,SWVML,LMSWVML,SWVML,1,...[FWY]..[LVI]
KLEVPTGPEVQTPKPSDADWDDLWTSLMGGGI,48,,32,20,,,,11.25334141,11.69184257,11.54335137,6,8798,3.43,VQTPKPSDADWDDLWTSLMGGGI-,Bind,WDDL,ADWDDL,SDADWDDL,VQTPKPSDADWDDL,VQTPKPSDADWDDLWTSLMGGGI-,SDADWDDLWTSL,24,ADWDDL,SDADWDDL,DADWDDL,DWDDL,DADWDDL,DWDDL,1,...[FWY]..[LVI]
KLEVPTGPEVQTPKPSDADWDDLWTSLMGGGI,52,,32,20,,,,11.25334141,11.69184257,11.54335137,6,8798,3.43,KPSDADWDDLWTSLMGGGI-----,Bind,WTSL,DLWTSL,WDDLWTSL,KPSDADWDDLWTSL,KPSDADWDDLWTSLMGGGI-----,WDDLWTSLMGGG,24,DLWTSL,WDDLWTSL,DDLWTSL,LWTSL,DDLWTSL,LWTSL,1,...[FWY]..[LVI]
GMKYIETSARDAINVEKAFTDLTRDIYELVKRGENY,47,,36,12,,,,11.32967046,11.65693696,11.4115615,6,4711,3.42,ARDAINVEKAFTDLTRDIYELVKR,Bind,FTDL,KAFTDL,VEKAFTDL,ARDAINVEKAFTDL,ARDAINVEKAFTDLTRDIYELVKR,VEKAFTDLTRDI,24,KAFTDL,VEKAFTDL,EKAFTDL,AFTDL,EKAFTDL,AFTDL,1,...[FWY]..[LVI]
GMKYIETSARDAINVEKAFTDLTRDIYELVKRGENY,55,,36,12,,,,11.32967046,11.65693696,11.4115615,6,4711,3.42,KAFTDLTRDIYELVKRGENYRIAR,Bind,YELV,DIYELV,TRDIYELV,KAFTDLTRDIYELV,KAFTDLTRDIYELVKRGENYRIAR,TRDIYELVKRGE,24,DIYELV,TRDIYELV,RDIYELV,IYELV,RDIYELV,IYELV,1,...[FWY]..[LVI]
PYDSYNPSVLRGPLLGHTDAVWGLL,30,,25,30,,,,10.90899585,11.38800195,11.89599233,6,10133,3.39,GGGSGIPLRPYDSYNPSVLRGPLL,Bind,YDSY,RPYDSY,PLRPYDSY,GGGSGIPLRPYDSY,GGGSGIPLRPYDSYNPSVLRGPLL,PLRPYDSYNPSV,24,RPYDSY,PLRPYDSY,LRPYDSY,PYDSY,LRPYDSY,PYDSY,1,...[FWY]..[WFY]
PYDSYNPSVLRGPLLGHTDAVWGLL,50,,25,30,,,,10.90899585,11.38800195,11.89599233,6,10133,3.39,GPLLGHTDAVWGLL----------,Bind,WGLL,AVWGLL,TDAVWGLL,GPLLGHTDAVWGLL,GPLLGHTDAVWGLL----------,TDAVWGLL----,24,AVWGLL,TDAVWGLL,DAVWGLL,VWGLL,DAVWGLL,VWGLL,1,...[FWY]..[LVI]
YLGQLEHEDIDTSADAVEDLTEAEWEDLTQQYYSLV,53,,36,124,,,,11.14778183,11.56173655,11.27068167,6,46895,3.36,DAVEDLTEAEWEDLTQQYYSLVRI,Bind,WEDL,AEWEDL,TEAEWEDL,DAVEDLTEAEWEDL,DAVEDLTEAEWEDLTQQYYSLVRI,TEAEWEDLTQQY,24,AEWEDL,TEAEWEDL,EAEWEDL,EWEDL,EAEWEDL,EWEDL,1,...[FWY]..[LVI]
VLDGTDAWDSATETKTFLVSQDIQDEGWETLEVSSA,56,,36,174,,,,10.94981404,11.43533397,11.2324145,6,59097,3.31,LVSQDIQDEGWETLEVSSARIARG,Bind,WETL,EGWETL,QDEGWETL,LVSQDIQDEGWETL,LVSQDIQDEGWETLEVSSARIARG,QDEGWETLEVSS,24,EGWETL,QDEGWETL,DEGWETL,GWETL,DEGWETL,GWETL,1,...[FWY]..[LVI]
MEGGHAPEEEIWEELSVMEVYDGREHSAYGEPRKLL,40,,36,207,,,,10.95791065,11.3543647,11.28550712,6,79226,3.3,EGGHAPEEEIWEELSVMEVYDGRE,Bind,WEEL,EIWEEL,EEEIWEEL,EGGHAPEEEIWEEL,EGGHAPEEEIWEELSVMEVYDGRE,EEEIWEELSVME,24,EIWEEL,EEEIWEEL,EEIWEEL,IWEEL,EEIWEEL,IWEEL,1,...[FWY]..[LVI]
VNVVSVDTARTLFNQVMEKEFEDGIINWVVL,41,,31,15,,,,11.218607,11.21748556,10.98860348,6,6623,3.28,VVSVDTARTLFNQVMEKEFEDGII,Bind,FNQV,TLFNQV,ARTLFNQV,VVSVDTARTLFNQV,VVSVDTARTLFNQVMEKEFEDGII,ARTLFNQVMEKE,24,TLFNQV,ARTLFNQV,RTLFNQV,LFNQV,RTLFNQV,LFNQV,1,...[FWY]..[LVI]
VNVVSVDTARTLFNQVMEKEFEDGIINWVVL,56,,31,15,,,,11.218607,11.21748556,10.98860348,6,6623,3.28,EKEFEDGIINWVVL----------,Bind,WVVL,INWVVL,GIINWVVL,EKEFEDGIINWVVL,EKEFEDGIINWVVL----------,GIINWVVL----,24,INWVVL,GIINWVVL,IINWVVL,NWVVL,IINWVVL,NWVVL,1,...[FWY]..[LVI]
VLESSQENEDDHFWELLSTTTKQ,41,,23,23,,,,11.01436664,11.21563268,11.15451452,6,7709,3.27,ESSQENEDDHFWELLSTTTKQ---,Bind,FWEL,DHFWEL,EDDHFWEL,ESSQENEDDHFWEL,ESSQENEDDHFWELLSTTTKQ---,EDDHFWELLSTT,24,DHFWEL,EDDHFWEL,DDHFWEL,HFWEL,DDHFWEL,HFWEL,1,...[FWY]..[LVI]
LEFLEELKKINYQVDSWEEI,45,,20,20,,,,11.09780317,11.26719348,10.85147367,6,7964,3.25,LKKINYQVDSWEEI----------,Bind,WEEI,DSWEEI,QVDSWEEI,LKKINYQVDSWEEI,LKKINYQVDSWEEI----------,QVDSWEEI----,24,DSWEEI,QVDSWEEI,VDSWEEI,SWEEI,VDSWEEI,SWEEI,1,...[FWY]..[LVI]
PLEQVADDSLYEFLDFVDATDRYRSL,39,,26,25,,,,10.77445858,11.30526152,11.10212435,6,8027,3.24,PLEQVADDSLYEFLDFVDATDRYR,Bind,YEFL,SLYEFL,DDSLYEFL,PLEQVADDSLYEFL,PLEQVADDSLYEFLDFVDATDRYR,DDSLYEFLDFVD,24,SLYEFL,DDSLYEFL,DSLYEFL,LYEFL,DSLYEFL,LYEFL,1,...[FWY]..[LVI]
TADRWDDEDWGSLEQEAESVLAQQDDWSTGGQVSRA,38,,36,38,,,,10.86361403,11.29812534,10.95597634,6,14044,3.24,RTADRWDDEDWGSLEQEAESVLAQ,Bind,WGSL,EDWGSL,DDEDWGSL,RTADRWDDEDWGSL,RTADRWDDEDWGSLEQEAESVLAQ,DDEDWGSLEQEA,24,EDWGSL,DDEDWGSL,DEDWGSL,DWGSL,DEDWGSL,DWGSL,1,...[FWY]..[LVI]
PRDYSGENPSKCEDCGPLQASLESGYPFIIISE,54,,33,21,,,,10.62506255,10.86907821,11.23264771,6,6442,3.18,GPLQASLESGYPFIIISE------,Bind,YPFI,SGYPFI,LESGYPFI,GPLQASLESGYPFI,GPLQASLESGYPFIIISE------,LESGYPFIIISE,24,SGYPFI,LESGYPFI,ESGYPFI,GYPFI,ESGYPFI,GYPFI,1,...[FWY]..[LVI]
SSENWEIIREDEATMYSSQAFPSPPPSSNLDVPTHL,33,,36,38,,,,10.69209952,10.95164653,10.81666076,6,12447,3.14,SGIPLRSSENWEIIREDEATMYSS,Bind,WEII,ENWEII,SSENWEII,SGIPLRSSENWEII,SGIPLRSSENWEIIREDEATMYSS,SSENWEIIREDE,24,ENWEII,SSENWEII,SENWEII,NWEII,SENWEII,NWEII,1,...[FWY]..[LVI]
FPPHQQHPQFNQPPHPHNFNRFPPRFMQDDSATAA,47,,35,12,,,,10.20815264,11.04222711,11.12746548,6,2671,3.13,QFNQPPHPHNFNRFPPRFMQDDSA,Bind,FNRF,HNFNRF,HPHNFNRF,QFNQPPHPHNFNRF,QFNQPPHPHNFNRFPPRFMQDDSA,HPHNFNRFPPRF,24,HNFNRF,HPHNFNRF,PHNFNRF,NFNRF,PHNFNRF,NFNRF,1,...[FWY]..[WFY]
MEDLEETLFEEFETIPMTWTLLSGV,37,,25,19,,,,10.97733721,10.74266683,10.61735195,6,7704,3.13,LRMEDLEETLFEEFETIPMTWTLL,Bind,FEEF,TLFEEF,EETLFEEF,LRMEDLEETLFEEF,LRMEDLEETLFEEFETIPMTWTLL,EETLFEEFETIP,24,TLFEEF,EETLFEEF,ETLFEEF,LFEEF,ETLFEEF,LFEEF,1,...[FWY]..[WFY]
MEDLEETLFEEFETIPMTWTLLSGV,47,,25,19,,,,10.97733721,10.74266683,10.61735195,6,7704,3.13,FEEFETIPMTWTLLSGV-------,Bind,WTLL,MTWTLL,IPMTWTLL,FEEFETIPMTWTLL,FEEFETIPMTWTLLSGV-------,IPMTWTLLSGV-,24,MTWTLL,IPMTWTLL,PMTWTLL,TWTLL,PMTWTLL,TWTLL,1,...[FWY]..[LVI]
MDWGTELWDQFEVLERHTQWGLDLLDRM,36,,28,190,,,,10.46957548,10.91427821,10.80932896,6,45799,3.11,PLRMDWGTELWDQFEVLERHTQWG,Bind,WDQF,ELWDQF,GTELWDQF,PLRMDWGTELWDQF,PLRMDWGTELWDQFEVLERHTQWG,GTELWDQFEVLE,24,ELWDQF,GTELWDQF,TELWDQF,LWDQF,TELWDQF,LWDQF,1,...[FWY]..[WFY]
GWDAMKGTTTIEKYDLPNSWLILAP,48,,25,24,,,,10.30841676,10.93299804,10.89300022,6,6044,3.1,TIEKYDLPNSWLILAP--------,Bind,WLIL,NSWLIL,LPNSWLIL,TIEKYDLPNSWLIL,TIEKYDLPNSWLILAP--------,LPNSWLILAP--,24,NSWLIL,LPNSWLIL,PNSWLIL,SWLIL,PNSWLIL,SWLIL,1,...[FWY]..[LVI]
SRPSPDSSESDWETLDPSVLEDPNLKEREQLGSDQT,40,,36,34,,,,10.43933531,10.48224128,10.71939994,6,9625,3.03,RPSPDSSESDWETLDPSVLEDPNL,Bind,WETL,SDWETL,SESDWETL,RPSPDSSESDWETL,RPSPDSSESDWETLDPSVLEDPNL,SESDWETLDPSV,24,SDWETL,SESDWETL,ESDWETL,DWETL,ESDWETL,DWETL,1,...[FWY]..[LVI]
AASWESQRARDTLPQSESHQEESWLSVGPGGEITEL,52,,36,15,,,,10.49861279,10.57828001,10.48360929,6,3792,3.02,PQSESHQEESWLSVGPGGEITELR,Bind,WLSV,ESWLSV,QEESWLSV,PQSESHQEESWLSV,PQSESHQEESWLSVGPGGEITELR,QEESWLSVGPGG,24,ESWLSV,QEESWLSV,EESWLSV,SWLSV,EESWLSV,SWLSV,1,...[FWY]..[LVI]
YILNGGSEEWEDLTSAPSAAVTAEKNSVLPGERLVR,38,,36,610,,,,10.25156912,10.61888802,10.58589001,6,141099,3.0,RYILNGGSEEWEDLTSAPSAAVTA,Bind,WEDL,EEWEDL,GSEEWEDL,RYILNGGSEEWEDL,RYILNGGSEEWEDLTSAPSAAVTA,GSEEWEDLTSAP,24,EEWEDL,GSEEWEDL,SEEWEDL,EWEDL,SEEWEDL,EWEDL,1,...[FWY]..[LVI]
MNNDKHCFECYGYDIIIDES,36,,20,51,,,,10.05985937,10.5321931,10.48236074,6,11972,2.95,PLRMNNDKHCFECYGYDIIIDES-,Bind,FECY,HCFECY,DKHCFECY,PLRMNNDKHCFECY,PLRMNNDKHCFECYGYDIIIDES-,DKHCFECYGYDI,24,HCFECY,DKHCFECY,KHCFECY,CFECY,KHCFECY,CFECY,1,...[FWY]..[WFY]
MNNDKHCFECYGYDIIIDES,41,,20,51,,,,10.05985937,10.5321931,10.48236074,6,11972,2.95,NDKHCFECYGYDIIIDES------,Bind,YDII,YGYDII,ECYGYDII,NDKHCFECYGYDII,NDKHCFECYGYDIIIDES------,ECYGYDIIIDES,24,YGYDII,ECYGYDII,CYGYDII,GYDII,CYGYDII,GYDII,1,...[FWY]..[LVI]
ESTQHILNPNTSLNSNNFQILHSSHPQGNYSNSKLS,46,,36,622,,,,10.23012463,10.48810026,10.32576165,6,147523,2.95,NPNTSLNSNNFQILHSSHPQGNYS,Bind,FQIL,NNFQIL,NSNNFQIL,NPNTSLNSNNFQIL,NPNTSLNSNNFQILHSSHPQGNYS,NSNNFQILHSSH,24,NNFQIL,NSNNFQIL,SNNFQIL,NFQIL,SNNFQIL,NFQIL,1,...[FWY]..[LVI]
ETEYSLLHMPSTDPRHARSPEDEYELLMPHRISSHF,32,,36,153,,,,10.3997258,10.57925514,10.02292912,6,44392,2.94,GSGIPLRETEYSLLHMPSTDPRHA,Bind,YSLL,TEYSLL,RETEYSLL,GSGIPLRETEYSLL,GSGIPLRETEYSLLHMPSTDPRHA,RETEYSLLHMPS,24,TEYSLL,RETEYSLL,ETEYSLL,EYSLL,ETEYSLL,EYSLL,1,...[FWY]..[LVI]
ETEYSLLHMPSTDPRHARSPEDEYELLMPHRISSHF,52,,36,153,,,,10.3997258,10.57925514,10.02292912,6,44392,2.94,PRHARSPEDEYELLMPHRISSHFR,Bind,YELL,DEYELL,PEDEYELL,PRHARSPEDEYELL,PRHARSPEDEYELLMPHRISSHFR,PEDEYELLMPHR,24,DEYELL,PEDEYELL,EDEYELL,EYELL,EDEYELL,EYELL,1,...[FWY]..[LVI]
NEPWEEEWTLLGKEELSGSLLQSVQEALEERSLTIR,36,,36,219,,,,10.27039137,10.47567441,10.02709919,6,52572,2.91,PLRNEPWEEEWTLLGKEELSGSLL,Bind,WTLL,EEWTLL,WEEEWTLL,PLRNEPWEEEWTLL,PLRNEPWEEEWTLLGKEELSGSLL,WEEEWTLLGKEE,24,EEWTLL,WEEEWTLL,EEEWTLL,EWTLL,EEEWTLL,EWTLL,1,...[FWY]..[LVI]
LLLEPGNSEMQIPVKQNEARTETLNSFTVLETVIE,55,,35,29,,,,10.02413915,10.41306481,10.3337993,6,6392,2.91,NEARTETLNSFTVLETVIE-----,Bind,FTVL,NSFTVL,TLNSFTVL,NEARTETLNSFTVL,NEARTETLNSFTVLETVIE-----,TLNSFTVLETVI,24,NSFTVL,TLNSFTVL,LNSFTVL,SFTVL,LNSFTVL,SFTVL,1,...[FWY]..[LVI]
HSVVPLLDSYDLLSYDDLSH,38,,20,22,,,,10.24232178,10.30389468,9.797801733,6,5466,2.85,RHSVVPLLDSYDLLSYDDLSH---,Bind,YDLL,DSYDLL,LLDSYDLL,RHSVVPLLDSYDLL,RHSVVPLLDSYDLLSYDDLSH---,LLDSYDLLSYDD,24,DSYDLL,LLDSYDLL,LDSYDLL,SYDLL,LDSYDLL,SYDLL,1,...[FWY]..[LVI]
HSVVPLLDSYDLLSYDDLSH,43,,20,22,,,,10.24232178,10.30389468,9.797801733,6,5466,2.85,PLLDSYDLLSYDDLSH--------,Bind,YDDL,LSYDDL,DLLSYDDL,PLLDSYDLLSYDDL,PLLDSYDLLSYDDLSH--------,DLLSYDDLSH--,24,LSYDDL,DLLSYDDL,LLSYDDL,SYDDL,LLSYDDL,SYDDL,1,...[FWY]..[LVI]
EDLTWLEWEELKIPLHGRPIYPNVNVKL,33,,28,76,,,,10.09175475,10.259866,9.98288749,6,17871,2.85,SGIPLREDLTWLEWEELKIPLHGR,Bind,WLEW,LTWLEW,EDLTWLEW,SGIPLREDLTWLEW,SGIPLREDLTWLEWEELKIPLHGR,EDLTWLEWEELK,24,LTWLEW,EDLTWLEW,DLTWLEW,TWLEW,DLTWLEW,TWLEW,1,...[FWY]..[WFY]
EDLTWLEWEELKIPLHGRPIYPNVNVKL,49,,28,76,,,,10.09175475,10.259866,9.98288749,6,17871,2.85,LKIPLHGRPIYPNVNVKL------,Bind,YPNV,PIYPNV,GRPIYPNV,LKIPLHGRPIYPNV,LKIPLHGRPIYPNVNVKL------,GRPIYPNVNVKL,24,PIYPNV,GRPIYPNV,RPIYPNV,IYPNV,RPIYPNV,IYPNV,1,...[FWY]..[LVI]
PHSHAFIDLTEDFTADLFLTTLNATTSTFQFEI,34,,33,33,,,,10.00261863,10.01464128,10.26426747,6,7176,2.84,GIPLRPHSHAFIDLTEDFTADLFL,Bind,FIDL,HAFIDL,HSHAFIDL,GIPLRPHSHAFIDL,GIPLRPHSHAFIDLTEDFTADLFL,HSHAFIDLTEDF,24,HAFIDL,HSHAFIDL,SHAFIDL,AFIDL,SHAFIDL,AFIDL,1,...[FWY]..[LVI]
IYNTPSASYLEVTPDSENDFGNYTVLQ,37,,27,90,,,,9.834296751,10.26461953,10.07562655,6,15154,2.82,LRIYNTPSASYLEVTPDSENDFGN,Bind,YLEV,ASYLEV,PSASYLEV,LRIYNTPSASYLEV,LRIYNTPSASYLEVTPDSENDFGN,PSASYLEVTPDS,24,ASYLEV,PSASYLEV,SASYLEV,SYLEV,SASYLEV,SYLEV,1,...[FWY]..[LVI]
IYNTPSASYLEVTPDSENDFGNYTVLQ,48,,27,90,,,,9.834296751,10.26461953,10.07562655,6,15154,2.82,LEVTPDSENDFGNYTVLQ------,Bind,FGNY,NDFGNY,SENDFGNY,LEVTPDSENDFGNY,LEVTPDSENDFGNYTVLQ------,SENDFGNYTVLQ,24,NDFGNY,SENDFGNY,ENDFGNY,DFGNY,ENDFGNY,DFGNY,1,...[FWY]..[WFY]
EDPSDDEWEELSSSDESDAFMENSFSECGGQLFSPL,36,,36,122,,,,10.15225697,10.10725693,9.760316989,6,30402,2.8,PLREDPSDDEWEELSSSDESDAFM,Bind,WEEL,DEWEEL,SDDEWEEL,PLREDPSDDEWEEL,PLREDPSDDEWEELSSSDESDAFM,SDDEWEELSSSD,24,DEWEEL,SDDEWEEL,DDEWEEL,EWEEL,DDEWEEL,EWEEL,1,...[FWY]..[LVI]
EDPSDDEWEELSSSDESDAFMENSFSECGGQLFSPL,61,,36,122,,,,10.15225697,10.10725693,9.760316989,6,30402,2.8,NSFSECGGQLFSPLRIARGSGSEQ,Bind,FSPL,QLFSPL,GGQLFSPL,NSFSECGGQLFSPL,NSFSECGGQLFSPLRIARGSGSEQ,GGQLFSPLRIAR,24,QLFSPL,GGQLFSPL,GQLFSPL,LFSPL,GQLFSPL,LFSPL,1,...[FWY]..[LVI]
NAEYEYEVTEEDWETIILVFPQRMPND,41,,27,108,,,,10.15016945,9.999866611,9.849645734,6,22628,2.8,EYEYEVTEEDWETIILVFPQRMPN,Bind,WETI,EDWETI,TEEDWETI,EYEYEVTEEDWETI,EYEYEVTEEDWETIILVFPQRMPN,TEEDWETIILVF,24,EDWETI,TEEDWETI,EEDWETI,DWETI,EEDWETI,DWETI,1,...[FWY]..[LVI]
ESSTEWDLDSFSELDSESGSSSSFSDDEVWVQVAPQ,58,,36,11,,,,10.10178763,10.39015042,9.487461612,6,3323,2.8,SSSSFSDDEVWVQVAPQRIARGSG,Bind,WVQV,EVWVQV,DDEVWVQV,SSSSFSDDEVWVQV,SSSSFSDDEVWVQVAPQRIARGSG,DDEVWVQVAPQR,24,EVWVQV,DDEVWVQV,DEVWVQV,VWVQV,DEVWVQV,VWVQV,1,...[FWY]..[LVI]
NTLSSGADYPDELQCWMLLC,44,,20,90,,,,9.805304547,10.13908865,9.715065791,6,17628,2.75,GADYPDELQCWMLLC---------,Bind,WMLL,QCWMLL,ELQCWMLL,GADYPDELQCWMLL,GADYPDELQCWMLLC---------,ELQCWMLLC---,24,QCWMLL,ELQCWMLL,LQCWMLL,CWMLL,LQCWMLL,CWMLL,1,...[FWY]..[LVI]
LTNSTIEYEHLESEVSALHDDLWEQLNLDTQNEVLN,36,,36,116,,,,9.937591189,10.04843226,9.624965136,6,23032,2.74,PLRLTNSTIEYEHLESEVSALHDD,Bind,YEHL,IEYEHL,STIEYEHL,PLRLTNSTIEYEHL,PLRLTNSTIEYEHLESEVSALHDD,STIEYEHLESEV,24,IEYEHL,STIEYEHL,TIEYEHL,EYEHL,TIEYEHL,EYEHL,1,...[FWY]..[LVI]
LTNSTIEYEHLESEVSALHDDLWEQLNLDTQNEVLN,51,,36,116,,,,9.937591189,10.04843226,9.624965136,6,23032,2.74,SEVSALHDDLWEQLNLDTQNEVLN,Bind,WEQL,DLWEQL,HDDLWEQL,SEVSALHDDLWEQL,SEVSALHDDLWEQLNLDTQNEVLN,HDDLWEQLNLDT,24,DLWEQL,HDDLWEQL,DDLWEQL,LWEQL,DDLWEQL,LWEQL,1,...[FWY]..[LVI]
PTGEPQQEDDEFLMATDVDDRFETLEPEVSHEETEH,50,,36,32,,,,10.09921827,9.843127013,9.642887044,6,7916,2.74,FLMATDVDDRFETLEPEVSHEETE,Bind,FETL,DRFETL,VDDRFETL,FLMATDVDDRFETL,FLMATDVDDRFETLEPEVSHEETE,VDDRFETLEPEV,24,DRFETL,VDDRFETL,DDRFETL,RFETL,DDRFETL,RFETL,1,...[FWY]..[LVI]
TEGSLEWDILEVKRLLDHQDNILSLINVNI,35,,30,39,,,,10.06323164,9.926749895,9.556793634,6,9014,2.74,IPLRTEGSLEWDILEVKRLLDHQD,Bind,WDIL,LEWDIL,GSLEWDIL,IPLRTEGSLEWDIL,IPLRTEGSLEWDILEVKRLLDHQD,GSLEWDILEVKR,24,LEWDIL,GSLEWDIL,SLEWDIL,EWDIL,SLEWDIL,EWDIL,1,...[FWY]..[LVI]
SKTMMHILSQPNTFPTVVNSIN,42,,22,10,,,,9.655611614,9.929752384,9.911846284,6,1900,2.73,MMHILSQPNTFPTVVNSIN-----,Bind,FPTV,NTFPTV,QPNTFPTV,MMHILSQPNTFPTV,MMHILSQPNTFPTVVNSIN-----,QPNTFPTVVNSI,24,NTFPTV,QPNTFPTV,PNTFPTV,TFPTV,PNTFPTV,TFPTV,1,...[FWY]..[LVI]
TEEQLKEKFPEADPYEIIESFNVVAKEVFVVLF,43,,33,37,,,,10.11442869,9.745663083,9.45990589,6,9997,2.7,LKEKFPEADPYEIIESFNVVAKEV,Bind,YEII,DPYEII,EADPYEII,LKEKFPEADPYEII,LKEKFPEADPYEIIESFNVVAKEV,EADPYEIIESFN,24,DPYEII,EADPYEII,ADPYEII,PYEII,ADPYEII,PYEII,1,...[FWY]..[LVI]
TEEQLKEKFPEADPYEIIESFNVVAKEVFVVLF,49,,33,37,,,,10.11442869,9.745663083,9.45990589,6,9997,2.7,EADPYEIIESFNVVAKEVFVVLF-,Bind,FNVV,ESFNVV,IIESFNVV,EADPYEIIESFNVV,EADPYEIIESFNVVAKEVFVVLF-,IIESFNVVAKEV,24,ESFNVV,IIESFNVV,IESFNVV,SFNVV,IESFNVV,SFNVV,1,...[FWY]..[LVI]
TEEQLKEKFPEADPYEIIESFNVVAKEVFVVLF,57,,33,37,,,,10.11442869,9.745663083,9.45990589,6,9997,2.7,ESFNVVAKEVFVVLF---------,Bind,FVVL,EVFVVL,AKEVFVVL,ESFNVVAKEVFVVL,ESFNVVAKEVFVVLF---------,AKEVFVVLF---,24,EVFVVL,AKEVFVVL,KEVFVVL,VFVVL,KEVFVVL,VFVVL,1,...[FWY]..[LVI]
MMFQDSVAFEDVAVSFTQEEWALLDFPEESLP,37,,32,10,,,,9.825964018,9.949117708,9.472962043,6,1706,2.69,LRMMFQDSVAFEDVAVSFTQEEWA,Bind,FEDV,VAFEDV,DSVAFEDV,LRMMFQDSVAFEDV,LRMMFQDSVAFEDVAVSFTQEEWA,DSVAFEDVAVSF,24,VAFEDV,DSVAFEDV,SVAFEDV,AFEDV,SVAFEDV,AFEDV,1,...[FWY]..[LVI]
MMFQDSVAFEDVAVSFTQEEWALLDFPEESLP,49,,32,10,,,,9.825964018,9.949117708,9.472962043,6,1706,2.69,DVAVSFTQEEWALLDFPEESLP--,Bind,WALL,EEWALL,TQEEWALL,DVAVSFTQEEWALL,DVAVSFTQEEWALLDFPEESLP--,TQEEWALLDFPE,24,EEWALL,TQEEWALL,QEEWALL,EWALL,QEEWALL,EWALL,1,...[FWY]..[LVI]
ELDPALDNVLERTSLNWVYL,45,,20,18,,,,9.774537311,10.13908865,9.303037041,6,3515,2.69,DNVLERTSLNWVYL----------,Bind,WVYL,LNWVYL,TSLNWVYL,DNVLERTSLNWVYL,DNVLERTSLNWVYL----------,TSLNWVYL----,24,LNWVYL,TSLNWVYL,SLNWVYL,NWVYL,SLNWVYL,NWVYL,1,...[FWY]..[LVI]
APDFVGDILWEHLEILQKEDVKPYQVNGVNPAYPES,38,,36,20,,,,9.810497216,9.615116781,9.595818791,6,4238,2.66,RAPDFVGDILWEHLEILQKEDVKP,Bind,WEHL,ILWEHL,GDILWEHL,RAPDFVGDILWEHL,RAPDFVGDILWEHLEILQKEDVKP,GDILWEHLEILQ,24,ILWEHL,GDILWEHL,DILWEHL,LWEHL,DILWEHL,LWEHL,1,...[FWY]..[LVI]
SDNLPVAIKHVEKDRISDWGELLMAPVCRWKWSC,47,,34,51,,,,9.576141564,9.924390623,9.425027566,6,7968,2.65,KHVEKDRISDWGELLMAPVCRWKW,Bind,WGEL,SDWGEL,RISDWGEL,KHVEKDRISDWGEL,KHVEKDRISDWGELLMAPVCRWKW,RISDWGELLMAP,24,SDWGEL,RISDWGEL,ISDWGEL,DWGEL,ISDWGEL,DWGEL,1,...[FWY]..[LVI]
GPGEDRETLGLKTSSSLPEAWGLLDDDDGMYGEREA,49,,36,31,,,,9.587640264,9.91457929,9.404123166,6,5871,2.65,LKTSSSLPEAWGLLDDDDGMYGER,Bind,WGLL,EAWGLL,LPEAWGLL,LKTSSSLPEAWGLL,LKTSSSLPEAWGLLDDDDGMYGER,LPEAWGLLDDDD,24,EAWGLL,LPEAWGLL,PEAWGLL,AWGLL,PEAWGLL,AWGLL,1,...[FWY]..[LVI]
LLSLYDNKLQTISKGLFAPLQSI,45,,23,10,,,,9.417747784,9.910123577,9.566071447,6,1856,2.64,NKLQTISKGLFAPLQSI-------,Bind,FAPL,GLFAPL,SKGLFAPL,NKLQTISKGLFAPL,NKLQTISKGLFAPLQSI-------,SKGLFAPLQSI-,24,GLFAPL,SKGLFAPL,KGLFAPL,LFAPL,KGLFAPL,LFAPL,1,...[FWY]..[LVI]
MAEGDAGSDQRQNEEIEAMAAIYGEEWCVIDDCAKI,55,,36,20,,,,9.815671263,9.786388208,9.209927637,6,3882,2.63,EAMAAIYGEEWCVIDDCAKIRIAR,Bind,WCVI,EEWCVI,YGEEWCVI,EAMAAIYGEEWCVI,EAMAAIYGEEWCVIDDCAKIRIAR,YGEEWCVIDDCA,24,EEWCVI,YGEEWCVI,GEEWCVI,EWCVI,GEEWCVI,EWCVI,1,...[FWY]..[LVI]
LLASKAHYFGVGGGVHSFRSL,36,,21,25,,,,9.406818224,9.485833764,9.84900541,6,4178,2.62,PLRLLASKAHYFGVGGGVHSFRSL,Bind,YFGV,AHYFGV,SKAHYFGV,PLRLLASKAHYFGV,PLRLLASKAHYFGVGGGVHSFRSL,SKAHYFGVGGGV,24,AHYFGV,SKAHYFGV,KAHYFGV,HYFGV,KAHYFGV,HYFGV,1,...[FWY]..[LVI]
LLASKAHYFGVGGGVHSFRSL,46,,21,25,,,,9.406818224,9.485833764,9.84900541,6,4178,2.62,YFGVGGGVHSFRSL----------,Bind,FRSL,HSFRSL,GVHSFRSL,YFGVGGGVHSFRSL,YFGVGGGVHSFRSL----------,GVHSFRSL----,24,HSFRSL,GVHSFRSL,VHSFRSL,SFRSL,VHSFRSL,SFRSL,1,...[FWY]..[LVI]
ESEDEESYDTESEFTEFTEDNWPYDDWCLVASV,42,,33,40,,,,9.667107253,9.697578941,9.312025825,6,7854,2.61,DEESYDTESEFTEFTEDNWPYDDW,Bind,FTEF,SEFTEF,TESEFTEF,DEESYDTESEFTEF,DEESYDTESEFTEFTEDNWPYDDW,TESEFTEFTEDN,24,SEFTEF,TESEFTEF,ESEFTEF,EFTEF,ESEFTEF,EFTEF,1,...[FWY]..[WFY]
ESEDEESYDTESEFTEFTEDNWPYDDWCLVASV,52,,33,40,,,,9.667107253,9.697578941,9.312025825,6,7854,2.61,FTEFTEDNWPYDDWCLVASV----,Bind,YDDW,WPYDDW,DNWPYDDW,FTEFTEDNWPYDDW,FTEFTEDNWPYDDWCLVASV----,DNWPYDDWCLVA,24,WPYDDW,DNWPYDDW,NWPYDDW,PYDDW,NWPYDDW,PYDDW,1,...[FWY]..[WFY]
QTLDWEIVELTNKLLDARTPSTSWRSLASGTRGIA,33,,35,10,,,,9.745109765,9.828823475,9.068571788,6,2072,2.61,SGIPLRQTLDWEIVELTNKLLDAR,Bind,WEIV,LDWEIV,QTLDWEIV,SGIPLRQTLDWEIV,SGIPLRQTLDWEIVELTNKLLDAR,QTLDWEIVELTN,24,LDWEIV,QTLDWEIV,TLDWEIV,DWEIV,TLDWEIV,DWEIV,1,...[FWY]..[LVI]
QTLDWEIVELTNKLLDARTPSTSWRSLASGTRGIA,52,,35,10,,,,9.745109765,9.828823475,9.068571788,6,2072,2.61,LLDARTPSTSWRSLASGTRGIA--,Bind,WRSL,TSWRSL,PSTSWRSL,LLDARTPSTSWRSL,LLDARTPSTSWRSLASGTRGIA--,PSTSWRSLASGT,24,TSWRSL,PSTSWRSL,STSWRSL,SWRSL,STSWRSL,SWRSL,1,...[FWY]..[LVI]
MNPDDTFEVLVDQTVVNKGSLLEDVVPPIKPPKEIE,35,,36,355,,,,9.669577898,9.759140744,9.154416587,6,59444,2.6,IPLRMNPDDTFEVLVDQTVVNKGS,Bind,FEVL,DTFEVL,PDDTFEVL,IPLRMNPDDTFEVL,IPLRMNPDDTFEVLVDQTVVNKGS,PDDTFEVLVDQT,24,DTFEVL,PDDTFEVL,DDTFEVL,TFEVL,DDTFEVL,TFEVL,1,...[FWY]..[LVI]
VVEKEELNMIDNFFSEPTTKSWEIITVEEAKRRKST,50,,36,73,,,,9.674720437,9.570078977,9.179301673,6,13594,2.58,NFFSEPTTKSWEIITVEEAKRRKS,Bind,WEII,KSWEII,TTKSWEII,NFFSEPTTKSWEII,NFFSEPTTKSWEIITVEEAKRRKS,TTKSWEIITVEE,24,KSWEII,TTKSWEII,TKSWEII,SWEII,TKSWEII,SWEII,1,...[FWY]..[LVI]
ISQGTLTNETRCLTCETISSKDEDFLDLSVDVEQNT,53,,36,22,,,,9.585746808,9.560075418,9.235922845,6,3802,2.57,CETISSKDEDFLDLSVDVEQNTRI,Bind,FLDL,EDFLDL,KDEDFLDL,CETISSKDEDFLDL,CETISSKDEDFLDLSVDVEQNTRI,KDEDFLDLSVDV,24,EDFLDL,KDEDFLDL,DEDFLDL,DFLDL,DEDFLDL,DFLDL,1,...[FWY]..[LVI]
TQWQPRNCDPMVDFLDSWVHIIPV,46,,24,12,,,,9.712195143,9.523353803,9.040002635,6,2612,2.56,CDPMVDFLDSWVHIIPV-------,Bind,WVHI,DSWVHI,FLDSWVHI,CDPMVDFLDSWVHI,CDPMVDFLDSWVHIIPV-------,FLDSWVHIIPV-,24,DSWVHI,FLDSWVHI,LDSWVHI,SWVHI,LDSWVHI,SWVHI,1,...[FWY]..[LVI]
SPEDEYELLIPHRISSHFLQQPRPLMAPSETQFSHL,61,,36,121,,,,9.479473241,9.79224886,9.002559306,6,21013,2.56,RPLMAPSETQFSHLRIARGSGSEQ,Bind,FSHL,TQFSHL,SETQFSHL,RPLMAPSETQFSHL,RPLMAPSETQFSHLRIARGSGSEQ,SETQFSHLRIAR,24,TQFSHL,SETQFSHL,ETQFSHL,QFSHL,ETQFSHL,QFSHL,1,...[FWY]..[LVI]
NINIGPGDCEWFVVPEDYWVF,39,,21,80,,,,9.482617624,9.537282641,9.165984289,6,15175,2.55,NINIGPGDCEWFVVPEDYWVF---,Bind,WFVV,CEWFVV,GDCEWFVV,NINIGPGDCEWFVV,NINIGPGDCEWFVVPEDYWVF---,GDCEWFVVPEDY,24,CEWFVV,GDCEWFVV,DCEWFVV,EWFVV,DCEWFVV,EWFVV,1,...[FWY]..[LVI]
NINIGPGDCEWFVVPEDYWVF,46,,21,80,,,,9.482617624,9.537282641,9.165984289,6,15175,2.55,DCEWFVVPEDYWVF----------,Bind,YWVF,EDYWVF,VPEDYWVF,DCEWFVVPEDYWVF,DCEWFVVPEDYWVF----------,VPEDYWVF----,24,EDYWVF,VPEDYWVF,PEDYWVF,DYWVF,PEDYWVF,DYWVF,1,...[FWY]..[WFY]
LLDTALQTPVSKQDDVVQLELPVTEAQQSYQHV,58,,33,11,,,,9.537216914,9.752720496,8.797801733,6,2249,2.53,ELPVTEAQQSYQHV----------,Bind,YQHV,QSYQHV,AQQSYQHV,ELPVTEAQQSYQHV,ELPVTEAQQSYQHV----------,AQQSYQHV----,24,QSYQHV,AQQSYQHV,QQSYQHV,SYQHV,QQSYQHV,SYQHV,1,...[FWY]..[LVI]
ALEDSEQKHNLLHSIFMDLEDLSIIFETDD,44,,30,20,,,,9.736041885,9.212152114,8.95838887,6,4977,2.51,EQKHNLLHSIFMDLEDLSIIFETD,Bind,FMDL,SIFMDL,LHSIFMDL,EQKHNLLHSIFMDL,EQKHNLLHSIFMDLEDLSIIFETD,LHSIFMDLEDLS,24,SIFMDL,LHSIFMDL,HSIFMDL,IFMDL,HSIFMDL,IFMDL,1,...[FWY]..[LVI]
REVKSYLIETLHSLIDNLYPEENWTVLL,52,,28,69,,,,9.387046745,9.343093592,9.171792508,6,9449,2.51,LIDNLYPEENWTVLL---------,Bind,WTVL,ENWTVL,PEENWTVL,LIDNLYPEENWTVL,LIDNLYPEENWTVLL---------,PEENWTVLL---,24,ENWTVL,PEENWTVL,EENWTVL,NWTVL,EENWTVL,NWTVL,1,...[FWY]..[LVI]
QFSAGGCTFDDGPGACDYHQDLYDDFEWVHVSAQEP,51,,36,122,,,,9.278644346,9.426639338,9.096813557,6,19333,2.49,PGACDYHQDLYDDFEWVHVSAQEP,Bind,YDDF,DLYDDF,HQDLYDDF,PGACDYHQDLYDDF,PGACDYHQDLYDDFEWVHVSAQEP,HQDLYDDFEWVH,24,DLYDDF,HQDLYDDF,QDLYDDF,LYDDF,QDLYDDF,LYDDF,1,...[FWY]..[WFY]
QFSAGGCTFDDGPGACDYHQDLYDDFEWVHVSAQEP,56,,36,122,,,,9.278644346,9.426639338,9.096813557,6,19333,2.49,YHQDLYDDFEWVHVSAQEPRIARG,Bind,WVHV,FEWVHV,DDFEWVHV,YHQDLYDDFEWVHV,YHQDLYDDFEWVHVSAQEPRIARG,DDFEWVHVSAQE,24,FEWVHV,DDFEWVHV,DFEWVHV,EWVHV,DFEWVHV,EWVHV,1,...[FWY]..[LVI]
LEAERSLMSSPEDLTKDFEELKAEEVDVTKDIKPQL,46,,36,78,,,,9.165837829,9.378876713,9.182541749,6,10917,2.48,MSSPEDLTKDFEELKAEEVDVTKD,Bind,FEEL,KDFEEL,LTKDFEEL,MSSPEDLTKDFEEL,MSSPEDLTKDFEELKAEEVDVTKD,LTKDFEELKAEE,24,KDFEEL,LTKDFEEL,TKDFEEL,DFEEL,TKDFEEL,DFEEL,1,...[FWY]..[LVI]
PLYMNLQKLLEMVREDARRTVTIENGMQRKAPSLLS,31,,36,11,,,,9.205766045,9.337682996,9.165533518,6,1417,2.48,GGSGIPLRPLYMNLQKLLEMVRED,Bind,YMNL,PLYMNL,LRPLYMNL,GGSGIPLRPLYMNL,GGSGIPLRPLYMNLQKLLEMVRED,LRPLYMNLQKLL,24,PLYMNL,LRPLYMNL,RPLYMNL,LYMNL,RPLYMNL,LYMNL,1,...[FWY]..[LVI]
FFQNVIKETRAEPKKVTSGSSTLFWAI,30,,27,14,,,,9.049890554,9.404797192,9.250569621,6,2205,2.48,GGGSGIPLRFFQNVIKETRAEPKK,Bind,FQNV,RFFQNV,PLRFFQNV,GGGSGIPLRFFQNV,GGGSGIPLRFFQNVIKETRAEPKK,PLRFFQNVIKET,24,RFFQNV,PLRFFQNV,LRFFQNV,FFQNV,LRFFQNV,FFQNV,1,...[FWY]..[LVI]
FFQNVIKETRAEPKKVTSGSSTLFWAI,52,,27,14,,,,9.049890554,9.404797192,9.250569621,6,2205,2.48,KKVTSGSSTLFWAI----------,Bind,FWAI,TLFWAI,SSTLFWAI,KKVTSGSSTLFWAI,KKVTSGSSTLFWAI----------,SSTLFWAI----,24,TLFWAI,SSTLFWAI,STLFWAI,LFWAI,STLFWAI,LFWAI,1,...[FWY]..[LVI]
KDPNVIPNLKLLSDSSGQWIILGTE,47,,25,53,,,,9.410539443,9.134485621,9.137359011,6,6826,2.48,LKLLSDSSGQWIILGTE-------,Bind,WIIL,GQWIIL,SSGQWIIL,LKLLSDSSGQWIIL,LKLLSDSSGQWIILGTE-------,SSGQWIILGTE-,24,GQWIIL,SSGQWIIL,SGQWIIL,QWIIL,SGQWIIL,QWIIL,1,...[FWY]..[LVI]
PNDSVLENKSLQENEEEEIGNLELAWDMLDLAEIMF,54,,36,49,,,,9.314914884,9.254065756,9.08064462,6,7524,2.47,EEEIGNLELAWDMLDLAEIMFRIA,Bind,WDML,LAWDML,LELAWDML,EEEIGNLELAWDML,EEEIGNLELAWDMLDLAEIMFRIA,LELAWDMLDLAE,24,LAWDML,LELAWDML,ELAWDML,AWDML,ELAWDML,AWDML,1,...[FWY]..[LVI]
VDEIYHDESWGFILILPSSA,38,,20,65,,,,9.868460263,9.305261519,8.45059423,6,13349,2.47,RVDEIYHDESWGFILILPSSA---,Bind,WGFI,ESWGFI,HDESWGFI,RVDEIYHDESWGFI,RVDEIYHDESWGFILILPSSA---,HDESWGFILILP,24,ESWGFI,HDESWGFI,DESWGFI,SWGFI,DESWGFI,SWGFI,1,...[FWY]..[LVI]
MDFSQEEWELLVPAQKNLYREVMLENYRNVVSLEAL,36,,36,36,,,,9.613319893,9.16692286,8.687700892,6,6460,2.45,PLRMDFSQEEWELLVPAQKNLYRE,Bind,WELL,EEWELL,SQEEWELL,PLRMDFSQEEWELL,PLRMDFSQEEWELLVPAQKNLYRE,SQEEWELLVPAQ,24,EEWELL,SQEEWELL,QEEWELL,EWELL,QEEWELL,EWELL,1,...[FWY]..[LVI]
MDFSQEEWELLVPAQKNLYREVMLENYRNVVSLEAL,47,,36,36,,,,9.613319893,9.16692286,8.687700892,6,6460,2.45,ELLVPAQKNLYREVMLENYRNVVS,Bind,YREV,NLYREV,QKNLYREV,ELLVPAQKNLYREV,ELLVPAQKNLYREVMLENYRNVVS,QKNLYREVMLEN,24,NLYREV,QKNLYREV,KNLYREV,LYREV,KNLYREV,LYREV,1,...[FWY]..[LVI]
MDFSQEEWELLVPAQKNLYREVMLENYRNVVSLEAL,55,,36,36,,,,9.613319893,9.16692286,8.687700892,6,6460,2.45,NLYREVMLENYRNVVSLEALRIAR,Bind,YRNV,ENYRNV,MLENYRNV,NLYREVMLENYRNV,NLYREVMLENYRNVVSLEALRIAR,MLENYRNVVSLE,24,ENYRNV,MLENYRNV,LENYRNV,NYRNV,LENYRNV,NYRNV,1,...[FWY]..[LVI]
LTDSALRAFESYRARQDSVSLRPSIRFQGSQGHISI,37,,36,12,,,,9.00673735,8.949117708,9.418514259,6,1410,2.43,LRLTDSALRAFESYRARQDSVSLR,Bind,FESY,RAFESY,ALRAFESY,LRLTDSALRAFESY,LRLTDSALRAFESYRARQDSVSLR,ALRAFESYRARQ,24,RAFESY,ALRAFESY,LRAFESY,AFESY,LRAFESY,AFESY,1,...[FWY]..[WFY]
LFHHLRIHTGEKPYQCNQCNKSFSRR,30,,26,12,,,,8.929293265,9.212152114,9.144339295,6,1491,2.42,GGGSGIPLRLFHHLRIHTGEKPYQ,Bind,FHHL,RLFHHL,PLRLFHHL,GGGSGIPLRLFHHL,GGGSGIPLRLFHHLRIHTGEKPYQ,PLRLFHHLRIHT,24,RLFHHL,PLRLFHHL,LRLFHHL,LFHHL,LRLFHHL,LFHHL,1,...[FWY]..[LVI]
VPPAKPEVTTTGAEFIDSTEQLEEFDLEEDFEILSV,59,,36,160,,,,9.472552585,8.998748476,8.715818567,6,25104,2.41,QLEEFDLEEDFEILSVRIARGSGS,Bind,FEIL,EDFEIL,LEEDFEIL,QLEEFDLEEDFEIL,QLEEFDLEEDFEILSVRIARGSGS,LEEDFEILSVRI,24,EDFEIL,LEEDFEIL,EEDFEIL,DFEIL,EEDFEIL,DFEIL,1,...[FWY]..[LVI]
SVATEESADPLSEDDFETFYEIWEKFDPDATQFIE,44,,35,13,,,,9.101392637,9.341787395,8.73188034,6,2210,2.4,ESADPLSEDDFETFYEIWEKFDPD,Bind,FETF,DDFETF,SEDDFETF,ESADPLSEDDFETF,ESADPLSEDDFETFYEIWEKFDPD,SEDDFETFYEIW,24,DDFETF,SEDDFETF,EDDFETF,DFETF,EDDFETF,DFETF,1,...[FWY]..[WFY]
SVATEESADPLSEDDFETFYEIWEKFDPDATQFIE,48,,35,13,,,,9.101392637,9.341787395,8.73188034,6,2210,2.4,PLSEDDFETFYEIWEKFDPDATQF,Bind,YEIW,TFYEIW,FETFYEIW,PLSEDDFETFYEIW,PLSEDDFETFYEIWEKFDPDATQF,FETFYEIWEKFD,24,TFYEIW,FETFYEIW,ETFYEIW,FYEIW,ETFYEIW,FYEIW,1,...[FWY]..[WFY]
KEELVMSSLKRLNSYLSLPKFRSFRTY,43,,27,13,,,,9.457672237,9.272524732,8.409952245,6,2165,2.4,VMSSLKRLNSYLSLPKFRSFRTY-,Bind,YLSL,NSYLSL,RLNSYLSL,VMSSLKRLNSYLSL,VMSSLKRLNSYLSLPKFRSFRTY-,RLNSYLSLPKFR,24,NSYLSL,RLNSYLSL,LNSYLSL,SYLSL,LNSYLSL,SYLSL,1,...[FWY]..[LVI]
KEELVMSSLKRLNSYLSLPKFRSFRTY,49,,27,13,,,,9.457672237,9.272524732,8.409952245,6,2165,2.4,RLNSYLSLPKFRSFRTY-------,Bind,FRSF,PKFRSF,SLPKFRSF,RLNSYLSLPKFRSF,RLNSYLSLPKFRSFRTY-------,SLPKFRSFRTY-,24,PKFRSF,SLPKFRSF,LPKFRSF,KFRSF,LPKFRSF,KFRSF,1,...[FWY]..[WFY]
VSSPKPQIIYGARGTRYQHL,45,,20,10,,,,9.244416182,9.077851023,8.735996449,6,1591,2.39,QIIYGARGTRYQHL----------,Bind,YQHL,TRYQHL,RGTRYQHL,QIIYGARGTRYQHL,QIIYGARGTRYQHL----------,RGTRYQHL----,24,TRYQHL,RGTRYQHL,GTRYQHL,RYQHL,GTRYQHL,RYQHL,1,...[FWY]..[LVI]
FIAIKSIDKSNLTSKVSNIAQVYPSSKS,29,,28,21,,,,8.904840221,8.953690438,8.768700614,6,2424,2.33,SGGGSGIPLRFIAIKSIDKSNLTS,Bind,FIAI,LRFIAI,IPLRFIAI,SGGGSGIPLRFIAI,SGGGSGIPLRFIAIKSIDKSNLTS,IPLRFIAIKSID,24,LRFIAI,IPLRFIAI,PLRFIAI,RFIAI,PLRFIAI,RFIAI,1,...[FWY]..[LVI]
KLEVPTGPEVQTPKPSDADWDDLWDQFDERRYLNAI,52,,36,68,,,,9.016168689,9.221550812,8.303037041,6,9629,2.31,KPSDADWDDLWDQFDERRYLNAIR,Bind,WDQF,DLWDQF,WDDLWDQF,KPSDADWDDLWDQF,KPSDADWDDLWDQFDERRYLNAIR,WDDLWDQFDERR,24,DLWDQF,WDDLWDQF,DDLWDQF,LWDQF,DDLWDQF,LWDQF,1,...[FWY]..[WFY]
MHKLNNAFQALREVIPHVRADKKLSKIETLTPA,36,,33,27,,,,8.993833517,9.16998266,8.355504461,6,3536,2.31,PLRMHKLNNAFQALREVIPHVRAD,Bind,FQAL,NAFQAL,LNNAFQAL,PLRMHKLNNAFQAL,PLRMHKLNNAFQALREVIPHVRAD,LNNAFQALREVI,24,NAFQAL,LNNAFQAL,NNAFQAL,AFQAL,NNAFQAL,AFQAL,1,...[FWY]..[LVI]
TQWIAEYEILHVPKEPKMELYEKKAQLSKYKSLQQ,35,,35,191,,,,9.32914436,8.861403066,8.264767024,6,36916,2.3,IPLRTQWIAEYEILHVPKEPKMEL,Bind,YEIL,AEYEIL,WIAEYEIL,IPLRTQWIAEYEIL,IPLRTQWIAEYEILHVPKEPKMEL,WIAEYEILHVPK,24,AEYEIL,WIAEYEIL,IAEYEIL,EYEIL,IAEYEIL,EYEIL,1,...[FWY]..[LVI]
TQWIAEYEILHVPKEPKMELYEKKAQLSKYKSLQQ,58,,35,191,,,,9.32914436,8.861403066,8.264767024,6,36916,2.3,LYEKKAQLSKYKSLQQ--------,Bind,YKSL,SKYKSL,QLSKYKSL,LYEKKAQLSKYKSL,LYEKKAQLSKYKSLQQ--------,QLSKYKSLQQ--,24,SKYKSL,QLSKYKSL,LSKYKSL,KYKSL,LSKYKSL,KYKSL,1,...[FWY]..[LVI]
MNEMTASLPATTDLPEFFVFL,45,,21,12,,,,9.238435204,8.742666831,8.472962043,6,1567,2.3,SLPATTDLPEFFVFL---------,Bind,FFVF,PEFFVF,DLPEFFVF,SLPATTDLPEFFVF,SLPATTDLPEFFVFL---------,DLPEFFVFL---,24,PEFFVF,DLPEFFVF,LPEFFVF,EFFVF,LPEFFVF,EFFVF,1,...[FWY]..[WFY]
INKFVQFIHKYITYNAPAASPSCRSTPTRSI,32,,31,10,,,,8.937754843,8.627189614,8.887999542,6,1883,2.3,GSGIPLRINKFVQFIHKYITYNAP,Bind,FVQF,NKFVQF,RINKFVQF,GSGIPLRINKFVQF,GSGIPLRINKFVQFIHKYITYNAP,RINKFVQFIHKY,24,NKFVQF,RINKFVQF,INKFVQF,KFVQF,INKFVQF,KFVQF,1,...[FWY]..[WFY]
INKFVQFIHKYITYNAPAASPSCRSTPTRSI,39,,31,10,,,,8.937754843,8.627189614,8.887999542,6,1883,2.3,INKFVQFIHKYITYNAPAASPSCR,Bind,YITY,HKYITY,FIHKYITY,INKFVQFIHKYITY,INKFVQFIHKYITYNAPAASPSCR,FIHKYITYNAPA,24,HKYITY,FIHKYITY,IHKYITY,KYITY,IHKYITY,KYITY,1,...[FWY]..[WFY]
KLIGVHCTHGLNRTGYLFAVI,46,,21,21,,,,8.456540267,8.989759693,8.768700614,6,2457,2.27,THGLNRTGYLFAVI----------,Bind,FAVI,YLFAVI,TGYLFAVI,THGLNRTGYLFAVI,THGLNRTGYLFAVI----------,TGYLFAVI----,24,YLFAVI,TGYLFAVI,GYLFAVI,LFAVI,GYLFAVI,LFAVI,1,...[FWY]..[LVI]
NMSDDDGWEFVNLGDQHSFGIKTAGLEEKSTACQML,36,,36,720,,,,8.802025474,8.785789952,8.580195266,6,88314,2.26,PLRNMSDDDGWEFVNLGDQHSFGI,Bind,WEFV,DGWEFV,DDDGWEFV,PLRNMSDDDGWEFV,PLRNMSDDDGWEFVNLGDQHSFGI,DDDGWEFVNLGD,24,DGWEFV,DDDGWEFV,DDGWEFV,GWEFV,DDGWEFV,GWEFV,1,...[FWY]..[LVI]
FVRFHEDGARTKALLGKLFAAMNL,29,,24,16,,,,8.989035348,8.686083303,8.432320058,6,2240,2.25,SGGGSGIPLRFVRFHEDGARTKAL,Bind,FVRF,LRFVRF,IPLRFVRF,SGGGSGIPLRFVRF,SGGGSGIPLRFVRFHEDGARTKAL,IPLRFVRFHEDG,24,LRFVRF,IPLRFVRF,PLRFVRF,RFVRF,PLRFVRF,RFVRF,1,...[FWY]..[WFY]
PALFKSYAEYGHFVHSYCSFGSSC,32,,24,10,,,,8.999682592,8.420738736,8.566071447,6,1355,2.24,GSGIPLRPALFKSYAEYGHFVHSY,Bind,FKSY,ALFKSY,RPALFKSY,GSGIPLRPALFKSY,GSGIPLRPALFKSYAEYGHFVHSY,RPALFKSYAEYG,24,ALFKSY,RPALFKSY,PALFKSY,LFKSY,PALFKSY,LFKSY,1,...[FWY]..[WFY]
PALFKSYAEYGHFVHSYCSFGSSC,38,,24,10,,,,8.999682592,8.420738736,8.566071447,6,1355,2.24,RPALFKSYAEYGHFVHSYCSFGSS,Bind,YGHF,AEYGHF,SYAEYGHF,RPALFKSYAEYGHF,RPALFKSYAEYGHFVHSYCSFGSS,SYAEYGHFVHSY,24,AEYGHF,SYAEYGHF,YAEYGHF,EYGHF,YAEYGHF,EYGHF,1,...[FWY]..[WFY]
PALFKSYAEYGHFVHSYCSFGSSC,45,,24,10,,,,8.999682592,8.420738736,8.566071447,6,1355,2.24,YAEYGHFVHSYCSFGSSC------,Bind,YCSF,HSYCSF,FVHSYCSF,YAEYGHFVHSYCSF,YAEYGHFVHSYCSFGSSC------,FVHSYCSFGSSC,24,HSYCSF,FVHSYCSF,VHSYCSF,SYCSF,VHSYCSF,SYCSF,1,...[FWY]..[WFY]
RMPTFPSTEPIYLSLPGQSHISHIL,40,,25,10,,,,8.674720437,8.578280013,8.681548665,6,1195,2.23,MPTFPSTEPIYLSLPGQSHISHIL,Bind,YLSL,PIYLSL,TEPIYLSL,MPTFPSTEPIYLSL,MPTFPSTEPIYLSLPGQSHISHIL,TEPIYLSLPGQS,24,PIYLSL,TEPIYLSL,EPIYLSL,IYLSL,EPIYLSL,IYLSL,1,...[FWY]..[LVI]
RDAAQALMTFFNKVLPMNQKTV,39,,22,24,,,,8.552636857,8.932998043,8.332784385,6,2188,2.21,RDAAQALMTFFNKVLPMNQKTV--,Bind,FNKV,TFFNKV,LMTFFNKV,RDAAQALMTFFNKV,RDAAQALMTFFNKVLPMNQKTV--,LMTFFNKVLPMN,24,TFFNKV,LMTFFNKV,MTFFNKV,FFNKV,MTFFNKV,FFNKV,1,...[FWY]..[LVI]
MAPASASGEDLRKLPTMAEVNGEQDFIDLTRETRPR,54,,36,70,,,,8.746658552,8.867140406,8.173754024,6,8352,2.21,TMAEVNGEQDFIDLTRETRPRRIA,Bind,FIDL,QDFIDL,GEQDFIDL,TMAEVNGEQDFIDL,TMAEVNGEQDFIDLTRETRPRRIA,GEQDFIDLTRET,24,QDFIDL,GEQDFIDL,EQDFIDL,DFIDL,EQDFIDL,DFIDL,1,...[FWY]..[LVI]
ADEGWHILQDKSDDFLLGNHGYDNALADMHPIFLAH,33,,36,37,,,,8.835725061,8.962056764,7.976226725,6,4940,2.21,SGIPLRADEGWHILQDKSDDFLLG,Bind,WHIL,EGWHIL,ADEGWHIL,SGIPLRADEGWHIL,SGIPLRADEGWHILQDKSDDFLLG,ADEGWHILQDKS,24,EGWHIL,ADEGWHIL,DEGWHIL,GWHIL,DEGWHIL,GWHIL,1,...[FWY]..[LVI]
SVPIAQMGNYQEYPSTFSTA,38,,20,17,,,,8.504237009,8.539726772,8.607891623,6,1923,2.19,RSVPIAQMGNYQEYPSTFSTA---,Bind,YQEY,GNYQEY,QMGNYQEY,RSVPIAQMGNYQEY,RSVPIAQMGNYQEYPSTFSTA---,QMGNYQEYPSTF,24,GNYQEY,QMGNYQEY,MGNYQEY,NYQEY,MGNYQEY,NYQEY,1,...[FWY]..[WFY]
LVGIMPLSSAFMVILLSRHQRCSPHLHSTSFLLRTS,39,,36,11,,,,8.426792924,8.79224886,8.428567923,6,1215,2.19,LVGIMPLSSAFMVILLSRHQRCSP,Bind,FMVI,SAFMVI,LSSAFMVI,LVGIMPLSSAFMVI,LVGIMPLSSAFMVILLSRHQRCSP,LSSAFMVILLSR,24,SAFMVI,LSSAFMVI,SSAFMVI,AFMVI,SSAFMVI,AFMVI,1,...[FWY]..[LVI]
KEQEVWKPGHNILVKMRKKINHWCGLFIQHLLATH,51,,35,42,,,,7.92321875,8.809781027,8.910719618,6,1420,2.19,LVKMRKKINHWCGLFIQHLLATH-,Bind,WCGL,NHWCGL,KINHWCGL,LVKMRKKINHWCGL,LVKMRKKINHWCGLFIQHLLATH-,KINHWCGLFIQH,24,NHWCGL,KINHWCGL,INHWCGL,HWCGL,INHWCGL,HWCGL,1,...[FWY]..[LVI]
KPVPQDTKFIHTKANRFEEVAWSKYNPRDHSTFTS,45,,35,13,,,,8.242053044,8.589714908,8.772522325,6,1848,2.18,TKFIHTKANRFEEVAWSKYNPRDH,Bind,FEEV,NRFEEV,KANRFEEV,TKFIHTKANRFEEV,TKFIHTKANRFEEVAWSKYNPRDH,KANRFEEVAWSK,24,NRFEEV,KANRFEEV,ANRFEEV,RFEEV,ANRFEEV,RFEEV,1,...[FWY]..[LVI]
KPVPQDTKFIHTKANRFEEVAWSKYNPRDHSTFTS,50,,35,13,,,,8.242053044,8.589714908,8.772522325,6,1848,2.18,TKANRFEEVAWSKYNPRDHSTFTS,Bind,WSKY,VAWSKY,EEVAWSKY,TKANRFEEVAWSKY,TKANRFEEVAWSKYNPRDHSTFTS,EEVAWSKYNPRD,24,VAWSKY,EEVAWSKY,EVAWSKY,AWSKY,EVAWSKY,AWSKY,1,...[FWY]..[WFY]
EAELVSEETEGWEEVELELDEATRMNVVTSALEASG,40,,36,24,,,,9.051283789,9.011853464,7.303037041,6,3311,2.15,AELVSEETEGWEEVELELDEATRM,Bind,WEEV,EGWEEV,ETEGWEEV,AELVSEETEGWEEV,AELVSEETEGWEEVELELDEATRM,ETEGWEEVELEL,24,EGWEEV,ETEGWEEV,TEGWEEV,GWEEV,TEGWEEV,GWEEV,1,...[FWY]..[LVI]
IADIHPIQVQPGRILSYPSLVGIRI,45,,25,32,,,,8.548326441,8.346007861,8.472962043,6,3684,2.15,IQVQPGRILSYPSLVGIRI-----,Bind,YPSL,LSYPSL,RILSYPSL,IQVQPGRILSYPSL,IQVQPGRILSYPSLVGIRI-----,RILSYPSLVGIR,24,LSYPSL,RILSYPSL,ILSYPSL,SYPSL,ILSYPSL,SYPSL,1,...[FWY]..[LVI]
YFTATPRSFLAWGAQTFTSGNITGRSM,37,,27,11,,,,8.31608946,8.975112917,8.013530424,6,1008,2.14,LRYFTATPRSFLAWGAQTFTSGNI,Bind,FLAW,RSFLAW,TPRSFLAW,LRYFTATPRSFLAW,LRYFTATPRSFLAWGAQTFTSGNI,TPRSFLAWGAQT,24,RSFLAW,TPRSFLAW,PRSFLAW,SFLAW,PRSFLAW,SFLAW,1,...[FWY]..[WFY]
MTLNEHAAFKHLFNKAHLARR,37,,21,34,,,,8.450465753,8.347081694,8.482360741,6,3441,2.14,LRMTLNEHAAFKHLFNKAHLARR-,Bind,FKHL,AAFKHL,EHAAFKHL,LRMTLNEHAAFKHL,LRMTLNEHAAFKHLFNKAHLARR-,EHAAFKHLFNKA,24,AAFKHL,EHAAFKHL,HAAFKHL,AFKHL,HAAFKHL,AFKHL,1,...[FWY]..[LVI]
HGLSDLSQVFQPYTLRTRRNSTQL,38,,24,39,,,,8.527253106,8.639467943,8.105097664,6,4625,2.14,RHGLSDLSQVFQPYTLRTRRNSTQ,Bind,FQPY,QVFQPY,LSQVFQPY,RHGLSDLSQVFQPY,RHGLSDLSQVFQPYTLRTRRNSTQ,LSQVFQPYTLRT,24,QVFQPY,LSQVFQPY,SQVFQPY,VFQPY,SQVFQPY,VFQPY,1,...[FWY]..[WFY]
SWIPSSVAEALGIVPLQYVFV,46,,21,10,,,,8.667107253,8.674495328,7.887999542,6,1154,2.13,AEALGIVPLQYVFV----------,Bind,YVFV,LQYVFV,VPLQYVFV,AEALGIVPLQYVFV,AEALGIVPLQYVFV----------,VPLQYVFV----,24,LQYVFV,VPLQYVFV,PLQYVFV,QYVFV,PLQYVFV,QYVFV,1,...[FWY]..[LVI]
LRSPSSDLDTDAEGDDFELLDQSELSQLDPASSLA,45,,35,69,,,,8.800067899,8.246585611,8.064877304,6,9072,2.12,DLDTDAEGDDFELLDQSELSQLDP,Bind,FELL,DDFELL,EGDDFELL,DLDTDAEGDDFELL,DLDTDAEGDDFELLDQSELSQLDP,EGDDFELLDQSE,24,DDFELL,EGDDFELL,GDDFELL,DFELL,GDDFELL,DFELL,1,...[FWY]..[LVI]
MSRLSKVAPVIKAYDGVWYHNGQLPTVG,42,,28,15,,,,7.859752331,8.863256972,8.350342756,6,1322,2.11,LSKVAPVIKAYDGVWYHNGQLPTV,Bind,YDGV,KAYDGV,VIKAYDGV,LSKVAPVIKAYDGV,LSKVAPVIKAYDGVWYHNGQLPTV,VIKAYDGVWYHN,24,KAYDGV,VIKAYDGV,IKAYDGV,AYDGV,IKAYDGV,AYDGV,1,...[FWY]..[LVI]
PEDFWEIIGELGDGAFGKVYKAQNKETSVLAAAKVI,32,,36,97,,,,8.847165583,8.390681502,7.811648656,6,13749,2.11,GSGIPLRPEDFWEIIGELGDGAFG,Bind,FWEI,EDFWEI,RPEDFWEI,GSGIPLRPEDFWEI,GSGIPLRPEDFWEIIGELGDGAFG,RPEDFWEIIGEL,24,EDFWEI,RPEDFWEI,PEDFWEI,DFWEI,PEDFWEI,DFWEI,1,...[FWY]..[LVI]
PEDFWEIIGELGDGAFGKVYKAQNKETSVLAAAKVI,44,,36,97,,,,8.847165583,8.390681502,7.811648656,6,13749,2.11,EIIGELGDGAFGKVYKAQNKETSV,Bind,FGKV,GAFGKV,GDGAFGKV,EIIGELGDGAFGKV,EIIGELGDGAFGKVYKAQNKETSV,GDGAFGKVYKAQ,24,GAFGKV,GDGAFGKV,DGAFGKV,AFGKV,DGAFGKV,AFGKV,1,...[FWY]..[LVI]
ELESNLAVVNGANISVIQHESPAMYRLL,53,,28,11,,,,8.793909793,8.627189614,7.544045141,6,1571,2.09,SVIQHESPAMYRLL----------,Bind,YRLL,AMYRLL,SPAMYRLL,SVIQHESPAMYRLL,SVIQHESPAMYRLL----------,SPAMYRLL----,24,AMYRLL,SPAMYRLL,PAMYRLL,MYRLL,PAMYRLL,MYRLL,1,...[FWY]..[LVI]
PQNLAGYIWYKGQMKASTITFHHT,35,,24,10,,,,8.866416062,9.112616441,6.981108946,6,1899,2.09,IPLRPQNLAGYIWYKGQMKASTIT,Bind,YIWY,AGYIWY,NLAGYIWY,IPLRPQNLAGYIWY,IPLRPQNLAGYIWYKGQMKASTIT,NLAGYIWYKGQM,24,AGYIWY,NLAGYIWY,LAGYIWY,GYIWY,LAGYIWY,GYIWY,1,...[FWY]..[WFY]
FPQIVNSNPLTEAFRVNWLSGLL,29,,23,12,,,,8.556075941,8.501658732,7.887999542,6,1135,2.09,SGGGSGIPLRFPQIVNSNPLTEAF,Bind,FPQI,LRFPQI,IPLRFPQI,SGGGSGIPLRFPQI,SGGGSGIPLRFPQIVNSNPLTEAF,IPLRFPQIVNSN,24,LRFPQI,IPLRFPQI,PLRFPQI,RFPQI,PLRFPQI,RFPQI,1,...[FWY]..[LVI]
ISWLHNGKTLDGNWNILRFIRGL,42,,23,17,,,,8.674720437,8.084047289,8.16977051,6,1705,2.09,LHNGKTLDGNWNILRFIRGL----,Bind,WNIL,GNWNIL,LDGNWNIL,LHNGKTLDGNWNIL,LHNGKTLDGNWNILRFIRGL----,LDGNWNILRFIR,24,GNWNIL,LDGNWNIL,DGNWNIL,NWNIL,DGNWNIL,NWNIL,1,...[FWY]..[LVI]
SLPHELLSMTMLSIFISILNIYVMGVALQYVGKHS,43,,35,17,,,,8.886224543,8.042227113,7.85943039,6,2980,2.07,ELLSMTMLSIFISILNIYVMGVAL,Bind,FISI,SIFISI,MLSIFISI,ELLSMTMLSIFISI,ELLSMTMLSIFISILNIYVMGVAL,MLSIFISILNIY,24,SIFISI,MLSIFISI,LSIFISI,IFISI,LSIFISI,IFISI,1,...[FWY]..[LVI]
LAQRALDEATKYALVRKTSVSCL,40,,23,18,,,,8.181680426,8.120229625,8.455040135,6,1494,2.06,AQRALDEATKYALVRKTSVSCL--,Bind,YALV,TKYALV,EATKYALV,AQRALDEATKYALV,AQRALDEATKYALVRKTSVSCL--,EATKYALVRKTS,24,TKYALV,EATKYALV,ATKYALV,KYALV,ATKYALV,KYALV,1,...[FWY]..[LVI]
HMCLLCPKCITFLLVMADFGCVCVPHAVNNEMKAIT,40,,36,21,,,,8.056843314,8.350349408,8.303037041,6,1389,2.06,MCLLCPKCITFLLVMADFGCVCVP,Bind,FLLV,ITFLLV,KCITFLLV,MCLLCPKCITFLLV,MCLLCPKCITFLLVMADFGCVCVP,KCITFLLVMADF,24,ITFLLV,KCITFLLV,CITFLLV,TFLLV,CITFLLV,TFLLV,1,...[FWY]..[LVI]
HMCLLCPKCITFLLVMADFGCVCVPHAVNNEMKAIT,47,,36,21,,,,8.056843314,8.350349408,8.303037041,6,1389,2.06,CITFLLVMADFGCVCVPHAVNNEM,Bind,FGCV,ADFGCV,VMADFGCV,CITFLLVMADFGCV,CITFLLVMADFGCVCVPHAVNNEM,VMADFGCVCVPH,24,ADFGCV,VMADFGCV,MADFGCV,DFGCV,MADFGCV,DFGCV,1,...[FWY]..[LVI]
MWNIFSKAGYGSLRVISSSGFSSWM,30,,25,18,,,,8.064222845,8.33173373,8.303037041,6,1206,2.06,GGGSGIPLRMWNIFSKAGYGSLRV,Bind,WNIF,RMWNIF,PLRMWNIF,GGGSGIPLRMWNIF,GGGSGIPLRMWNIFSKAGYGSLRV,PLRMWNIFSKAG,24,RMWNIF,PLRMWNIF,LRMWNIF,MWNIF,LRMWNIF,MWNIF,1,...[FWY]..[WFY]
MWNIFSKAGYGSLRVISSSGFSSWM,38,,25,18,,,,8.064222845,8.33173373,8.303037041,6,1206,2.06,RMWNIFSKAGYGSLRVISSSGFSS,Bind,YGSL,AGYGSL,SKAGYGSL,RMWNIFSKAGYGSL,RMWNIFSKAGYGSLRVISSSGFSS,SKAGYGSLRVIS,24,AGYGSL,SKAGYGSL,KAGYGSL,GYGSL,KAGYGSL,GYGSL,1,...[FWY]..[LVI]
MWNIFSKAGYGSLRVISSSGFSSWM,49,,25,18,,,,8.064222845,8.33173373,8.303037041,6,1206,2.06,GSLRVISSSGFSSWM---------,Bind,FSSW,SGFSSW,SSSGFSSW,GSLRVISSSGFSSW,GSLRVISSSGFSSWM---------,SSSGFSSWM---,24,SGFSSW,SSSGFSSW,SSGFSSW,GFSSW,SSGFSSW,GFSSW,1,...[FWY]..[WFY]
SQSLTPQQQPQYNLPERDKQLLFSEYNFEDLSASFR,51,,36,228,,,,8.573685341,8.27003303,7.845186458,6,28145,2.06,NLPERDKQLLFSEYNFEDLSASFR,Bind,FSEY,LLFSEY,KQLLFSEY,NLPERDKQLLFSEY,NLPERDKQLLFSEYNFEDLSASFR,KQLLFSEYNFED,24,LLFSEY,KQLLFSEY,QLLFSEY,LFSEY,QLLFSEY,LFSEY,1,...[FWY]..[WFY]
SQSLTPQQQPQYNLPERDKQLLFSEYNFEDLSASFR,56,,36,228,,,,8.573685341,8.27003303,7.845186458,6,28145,2.06,DKQLLFSEYNFEDLSASFRRIARG,Bind,FEDL,YNFEDL,SEYNFEDL,DKQLLFSEYNFEDL,DKQLLFSEYNFEDLSASFRRIARG,SEYNFEDLSASF,24,YNFEDL,SEYNFEDL,EYNFEDL,NFEDL,EYNFEDL,NFEDL,1,...[FWY]..[LVI]
LSSSSRAGHQEKEQYSRLSGGGHYNSQKTLSTSSI,43,,35,11,,,,8.708828292,8.226651684,7.750496018,6,1419,2.06,SRAGHQEKEQYSRLSGGGHYNSQK,Bind,YSRL,EQYSRL,EKEQYSRL,SRAGHQEKEQYSRL,SRAGHQEKEQYSRLSGGGHYNSQK,EKEQYSRLSGGG,24,EQYSRL,EKEQYSRL,KEQYSRL,QYSRL,KEQYSRL,QYSRL,1,...[FWY]..[LVI]
MTILESATHSRSHITAHRKFLLI,48,,23,14,,,,7.914058751,8.404797192,8.353663114,6,1149,2.05,SRSHITAHRKFLLI----------,Bind,FLLI,RKFLLI,AHRKFLLI,SRSHITAHRKFLLI,SRSHITAHRKFLLI----------,AHRKFLLI----,24,RKFLLI,AHRKFLLI,HRKFLLI,KFLLI,HRKFLLI,KFLLI,1,...[FWY]..[LVI]
RSDIRNIFMGLDKIKKTACGFCL,36,,23,36,,,,8.37840144,8.081755477,8.177506159,6,2873,2.05,PLRRSDIRNIFMGLDKIKKTACGF,Bind,FMGL,NIFMGL,IRNIFMGL,PLRRSDIRNIFMGL,PLRRSDIRNIFMGLDKIKKTACGF,IRNIFMGLDKIK,24,NIFMGL,IRNIFMGL,RNIFMGL,IFMGL,RNIFMGL,IFMGL,1,...[FWY]..[LVI]
AQNSTPILYTILREQDAEGQDYCTRTALL,37,,29,12,,,,8.492882114,8.315245607,7.805537382,6,1708,2.05,LRAQNSTPILYTILREQDAEGQDY,Bind,YTIL,ILYTIL,TPILYTIL,LRAQNSTPILYTIL,LRAQNSTPILYTILREQDAEGQDY,TPILYTILREQD,24,ILYTIL,TPILYTIL,PILYTIL,LYTIL,PILYTIL,LYTIL,1,...[FWY]..[LVI]
LQRIKYEEGKNKIGSESFAYQWLL,48,,24,10,,,,8.408645577,8.627189614,7.566071447,6,1116,2.04,KNKIGSESFAYQWLL---------,Bind,YQWL,FAYQWL,ESFAYQWL,KNKIGSESFAYQWL,KNKIGSESFAYQWLL---------,ESFAYQWLL---,24,FAYQWL,ESFAYQWL,SFAYQWL,AYQWL,SFAYQWL,AYQWL,1,...[FWY]..[LVI]
MPLFATNPFDQDVEKATSEMNTAEDWASFWIL,54,,32,14,,,,8.477418997,8.092853186,7.955113738,6,1381,2.03,ATSEMNTAEDWASFWIL-------,Bind,WASF,EDWASF,TAEDWASF,ATSEMNTAEDWASF,ATSEMNTAEDWASFWIL-------,TAEDWASFWIL-,24,EDWASF,TAEDWASF,AEDWASF,DWASF,AEDWASF,DWASF,1,...[FWY]..[WFY]
PPTGGRYLSIGDGSGWSLSS,35,,20,16,,,,8.415477611,7.565789069,8.472962043,6,1847,2.02,IPLRPPTGGRYLSIGDGSGWSLSS,Bind,YLSI,GRYLSI,TGGRYLSI,IPLRPPTGGRYLSI,IPLRPPTGGRYLSIGDGSGWSLSS,TGGRYLSIGDGS,24,GRYLSI,TGGRYLSI,GGRYLSI,RYLSI,GGRYLSI,RYLSI,1,...[FWY]..[LVI]
PEGDENYMEFLEVLTEGLERVLLVRGGAVK,35,,30,20,,,,8.143783818,8.27488787,7.981108946,6,1416,2.01,IPLRPEGDENYMEFLEVLTEGLER,Bind,YMEF,ENYMEF,GDENYMEF,IPLRPEGDENYMEF,IPLRPEGDENYMEFLEVLTEGLER,GDENYMEFLEVL,24,ENYMEF,GDENYMEF,DENYMEF,NYMEF,DENYMEF,NYMEF,1,...[FWY]..[WFY]
LDKLLGAITTAAERNNRERFSPIVEV,48,,26,27,,,,7.785647588,8.068699324,8.548149539,6,1522,2.01,TAAERNNRERFSPIVEV-------,Bind,FSPI,ERFSPI,NRERFSPI,TAAERNNRERFSPI,TAAERNNRERFSPIVEV-------,NRERFSPIVEV-,24,ERFSPI,NRERFSPI,RERFSPI,RFSPI,RERFSPI,RFSPI,1,...[FWY]..[LVI]
QVKLHDFFSYLMDHFIPRATTTVTS,35,,25,19,,,,8.109602748,8.575659313,7.698965718,6,1987,2.01,IPLRQVKLHDFFSYLMDHFIPRAT,Bind,FFSY,HDFFSY,KLHDFFSY,IPLRQVKLHDFFSY,IPLRQVKLHDFFSYLMDHFIPRAT,KLHDFFSYLMDH,24,HDFFSY,KLHDFFSY,LHDFFSY,DFFSY,LHDFFSY,DFFSY,1,...[FWY]..[WFY]
AMAYAVTWPSVARCCTVSSFPIRLAFL,36,,27,11,,,,8.376752241,8.226651684,7.750496018,6,1280,2.01,PLRAMAYAVTWPSVARCCTVSSFP,Bind,WPSV,VTWPSV,YAVTWPSV,PLRAMAYAVTWPSV,PLRAMAYAVTWPSVARCCTVSSFP,YAVTWPSVARCC,24,VTWPSV,YAVTWPSV,AVTWPSV,TWPSV,AVTWPSV,TWPSV,1,...[FWY]..[LVI]
PSSQFLAVGSYDGKVRILNT,33,,20,11,,,,8.506520116,8.390150416,7.428567923,6,1416,2.0,SGIPLRPSSQFLAVGSYDGKVRIL,Bind,FLAV,SQFLAV,PSSQFLAV,SGIPLRPSSQFLAV,SGIPLRPSSQFLAVGSYDGKVRIL,PSSQFLAVGSYD,24,SQFLAV,PSSQFLAV,SSQFLAV,QFLAV,SSQFLAV,QFLAV,1,...[FWY]..[LVI]
LQTDYTSQVSFPLVPSASLESVERVLL,39,,27,15,,,,8.649185345,7.779192707,7.855578064,6,2006,2.0,LQTDYTSQVSFPLVPSASLESVER,Bind,FPLV,VSFPLV,SQVSFPLV,LQTDYTSQVSFPLV,LQTDYTSQVSFPLVPSASLESVER,SQVSFPLVPSAS,24,VSFPLV,SQVSFPLV,QVSFPLV,SFPLV,QVSFPLV,SFPLV,1,...[FWY]..[LVI]
YVTWKLSGLPKHRVIGSGCNLDCSFSLPYG,29,,30,18,,,,7.649185345,8.426890963,8.177506159,6,1180,1.99,SGGGSGIPLRYVTWKLSGLPKHRV,Bind,YVTW,LRYVTW,IPLRYVTW,SGGGSGIPLRYVTW,SGGGSGIPLRYVTWKLSGLPKHRV,IPLRYVTWKLSG,24,LRYVTW,IPLRYVTW,PLRYVTW,RYVTW,PLRYVTW,RYVTW,1,...[FWY]..[WFY]
SGSDGNFSEDVLSKFDEWTFIPDSSMDSVFAQSDDL,43,,36,237,,,,8.26639539,8.39903657,7.558952035,6,22817,1.99,GNFSEDVLSKFDEWTFIPDSSMDS,Bind,FDEW,SKFDEW,VLSKFDEW,GNFSEDVLSKFDEW,GNFSEDVLSKFDEWTFIPDSSMDS,VLSKFDEWTFIP,24,SKFDEW,VLSKFDEW,LSKFDEW,KFDEW,LSKFDEW,KFDEW,1,...[FWY]..[WFY]
YIASPLGFTHKENLNQDPVLEVTKEYAQISS,54,,31,13,,,,7.737580461,8.341787395,8.126159279,6,1063,1.99,QDPVLEVTKEYAQISS--------,Bind,YAQI,KEYAQI,VTKEYAQI,QDPVLEVTKEYAQI,QDPVLEVTKEYAQISS--------,VTKEYAQISS--,24,KEYAQI,VTKEYAQI,TKEYAQI,EYAQI,TKEYAQI,EYAQI,1,...[FWY]..[LVI]
IADIHPIQVQPGRILSHIYANLVGIRI,47,,27,12,,,,8.463882243,7.916696231,7.805537382,6,1247,1.99,VQPGRILSHIYANLVGIRI-----,Bind,YANL,HIYANL,LSHIYANL,VQPGRILSHIYANL,VQPGRILSHIYANLVGIRI-----,LSHIYANLVGIR,24,HIYANL,LSHIYANL,SHIYANL,IYANL,SHIYANL,IYANL,1,...[FWY]..[LVI]
YLKYINLKASEKLDYITYLSI,29,,21,10,,,,8.116092085,8.243860974,7.788463868,6,981,1.98,SGGGSGIPLRYLKYINLKASEKLD,Bind,YLKY,LRYLKY,IPLRYLKY,SGGGSGIPLRYLKY,SGGGSGIPLRYLKYINLKASEKLD,IPLRYLKYINLK,24,LRYLKY,IPLRYLKY,PLRYLKY,RYLKY,PLRYLKY,RYLKY,1,...[FWY]..[WFY]
YLKYINLKASEKLDYITYLSI,43,,21,10,,,,8.116092085,8.243860974,7.788463868,6,981,1.98,INLKASEKLDYITYLSI-------,Bind,YITY,LDYITY,EKLDYITY,INLKASEKLDYITY,INLKASEKLDYITYLSI-------,EKLDYITYLSI-,24,LDYITY,EKLDYITY,KLDYITY,DYITY,KLDYITY,DYITY,1,...[FWY]..[WFY]
YKHSLHHYTYLPDAMDLELLRT,36,,22,15,,,,8.485686613,7.890224019,7.644073959,6,1745,1.96,PLRYKHSLHHYTYLPDAMDLELLR,Bind,YTYL,HHYTYL,SLHHYTYL,PLRYKHSLHHYTYL,PLRYKHSLHHYTYLPDAMDLELLR,SLHHYTYLPDAM,24,HHYTYL,SLHHYTYL,LHHYTYL,HYTYL,LHHYTYL,HYTYL,1,...[FWY]..[LVI]
TFKAAVSNFTTFKAAGIFRTLKFQQYSV,37,,28,20,,,,7.993608078,8.077851023,7.935305257,6,1436,1.96,LRTFKAAVSNFTTFKAAGIFRTLK,Bind,FTTF,SNFTTF,AVSNFTTF,LRTFKAAVSNFTTF,LRTFKAAVSNFTTFKAAGIFRTLK,AVSNFTTFKAAG,24,SNFTTF,AVSNFTTF,VSNFTTF,NFTTF,VSNFTTF,NFTTF,1,...[FWY]..[WFY]
TFKAAVSNFTTFKAAGIFRTLKFQQYSV,46,,28,20,,,,7.993608078,8.077851023,7.935305257,6,1436,1.96,NFTTFKAAGIFRTLKFQQYSV---,Bind,FRTL,GIFRTL,AAGIFRTL,NFTTFKAAGIFRTL,NFTTFKAAGIFRTLKFQQYSV---,AAGIFRTLKFQQ,24,GIFRTL,AAGIFRTL,AGIFRTL,IFRTL,AGIFRTL,IFRTL,1,...[FWY]..[LVI]
TFKAAVSNFTTFKAAGIFRTLKFQQYSV,51,,28,20,,,,7.993608078,8.077851023,7.935305257,6,1436,1.96,KAAGIFRTLKFQQYSV--------,Bind,FQQY,LKFQQY,RTLKFQQY,KAAGIFRTLKFQQY,KAAGIFRTLKFQQYSV--------,RTLKFQQYSV--,24,LKFQQY,RTLKFQQY,TLKFQQY,KFQQY,TLKFQQY,KFQQY,1,...[FWY]..[WFY]
AQPVEATGVPVGLSGTKMYFLII,47,,23,15,,,,8.059061139,7.942691439,7.981108946,6,1242,1.96,VPVGLSGTKMYFLII---------,Bind,YFLI,KMYFLI,GTKMYFLI,VPVGLSGTKMYFLI,VPVGLSGTKMYFLII---------,GTKMYFLII---,24,KMYFLI,GTKMYFLI,TKMYFLI,MYFLI,TKMYFLI,MYFLI,1,...[FWY]..[LVI]
EIYPLITTVSRVSPCCRFLDAA,31,,22,11,,,,8.137286307,8.390150416,7.428567923,6,1059,1.95,GGSGIPLREIYPLITTVSRVSPCC,Bind,YPLI,EIYPLI,LREIYPLI,GGSGIPLREIYPLI,GGSGIPLREIYPLITTVSRVSPCC,LREIYPLITTVS,24,EIYPLI,LREIYPLI,REIYPLI,IYPLI,REIYPLI,IYPLI,1,...[FWY]..[LVI]
YMRLGSTKLSDKDKAVGISTLSSTRC,29,,26,33,,,,8.054824147,7.880476043,8.013530424,6,2958,1.95,SGGGSGIPLRYMRLGSTKLSDKDK,Bind,YMRL,LRYMRL,IPLRYMRL,SGGGSGIPLRYMRL,SGGGSGIPLRYMRLGSTKLSDKDK,IPLRYMRLGSTK,24,LRYMRL,IPLRYMRL,PLRYMRL,RYMRL,PLRYMRL,RYMRL,1,...[FWY]..[LVI]
LQTMNLTQKRLDVYLQEFELLYFS,46,,24,15,,,,7.877454333,7.720299018,8.350342756,6,1192,1.95,QKRLDVYLQEFELLYFS-------,Bind,FELL,QEFELL,YLQEFELL,QKRLDVYLQEFELL,QKRLDVYLQEFELLYFS-------,YLQEFELLYFS-,24,QEFELL,YLQEFELL,LQEFELL,EFELL,LQEFELL,EFELL,1,...[FWY]..[LVI]
RINNAFLDRLQGKSQPGGWSNLVAVGI,47,,27,24,,,,7.411686032,7.980826568,8.525429463,6,1198,1.95,RLQGKSQPGGWSNLVAVGI-----,Bind,WSNL,GGWSNL,QPGGWSNL,RLQGKSQPGGWSNL,RLQGKSQPGGWSNLVAVGI-----,QPGGWSNLVAVG,24,GGWSNL,QPGGWSNL,PGGWSNL,GWSNL,PGGWSNL,GWSNL,1,...[FWY]..[LVI]
FQNIMRRTAQAVMNNTVTSSVVYPC,29,,25,12,,,,8.549189555,7.627189614,7.718074541,6,1431,1.95,SGGGSGIPLRFQNIMRRTAQAVMN,Bind,FQNI,LRFQNI,IPLRFQNI,SGGGSGIPLRFQNI,SGGGSGIPLRFQNIMRRTAQAVMN,IPLRFQNIMRRT,24,LRFQNI,IPLRFQNI,PLRFQNI,RFQNI,PLRFQNI,RFQNI,1,...[FWY]..[LVI]
SVMNQWPGVTAGDRGLGRGRPPLRGVPAL,34,,29,21,,,,8.13776331,7.971837785,7.768700614,6,1477,1.94,GIPLRSVMNQWPGVTAGDRGLGRG,Bind,WPGV,NQWPGV,VMNQWPGV,GIPLRSVMNQWPGV,GIPLRSVMNQWPGVTAGDRGLGRG,VMNQWPGVTAGD,24,NQWPGV,VMNQWPGV,MNQWPGV,QWPGV,MNQWPGV,QWPGV,1,...[FWY]..[LVI]
IHTGEKPYQCKECGKAFIRGSQLTQHQPFTLVKNR,57,,35,11,,,,8.31608946,8.390150416,7.165533518,6,1393,1.94,RGSQLTQHQPFTLVKNR-------,Bind,FTLV,QPFTLV,QHQPFTLV,RGSQLTQHQPFTLV,RGSQLTQHQPFTLVKNR-------,QHQPFTLVKNR-,24,QPFTLV,QHQPFTLV,HQPFTLV,PFTLV,HQPFTLV,PFTLV,1,...[FWY]..[LVI]
DYFVNGGQDQPGARPSFTQVIVI,45,,23,16,,,,8.22120879,7.949117708,7.695354464,6,2259,1.94,GQDQPGARPSFTQVIVI-------,Bind,FTQV,PSFTQV,ARPSFTQV,GQDQPGARPSFTQV,GQDQPGARPSFTQVIVI-------,ARPSFTQVIVI-,24,PSFTQV,ARPSFTQV,RPSFTQV,SFTQV,RPSFTQV,SFTQV,1,...[FWY]..[LVI]
HTLLFKAVHSSLASSSRIWAWSLPR,33,,25,12,,,,7.819110347,7.779192707,8.241636497,6,811,1.94,SGIPLRHTLLFKAVHSSLASSSRI,Bind,FKAV,LLFKAV,HTLLFKAV,SGIPLRHTLLFKAV,SGIPLRHTLLFKAVHSSLASSSRI,HTLLFKAVHSSL,24,LLFKAV,HTLLFKAV,TLLFKAV,LFKAV,TLLFKAV,LFKAV,1,...[FWY]..[LVI]
LFKPLGPIIIDGKDQKSEPPTSLPQNVNV,30,,29,16,,,,7.674720437,7.501658732,8.624965136,6,1066,1.93,GGGSGIPLRLFKPLGPIIIDGKDQ,Bind,FKPL,RLFKPL,PLRLFKPL,GGGSGIPLRLFKPL,GGGSGIPLRLFKPLGPIIIDGKDQ,PLRLFKPLGPII,24,RLFKPL,PLRLFKPL,LRLFKPL,LFKPL,LRLFKPL,LFKPL,1,...[FWY]..[LVI]
QATPGVDSISGDLQPDTDEPFEMISSSVNVLGQQTL,49,,36,10,,,,8.488569122,8.305261519,6.981108946,6,854,1.93,GDLQPDTDEPFEMISSSVNVLGQQ,Bind,FEMI,EPFEMI,TDEPFEMI,GDLQPDTDEPFEMI,GDLQPDTDEPFEMISSSVNVLGQQ,TDEPFEMISSSV,24,EPFEMI,TDEPFEMI,DEPFEMI,PFEMI,DEPFEMI,PFEMI,1,...[FWY]..[LVI]
LSSSTFLGPGLGGKSGERGAYASFGRDQAWAA,49,,32,38,,,,7.630076522,7.902824056,8.204856647,6,2703,1.92,LGGKSGERGAYASFGRDQAWAA--,Bind,YASF,GAYASF,ERGAYASF,LGGKSGERGAYASF,LGGKSGERGAYASFGRDQAWAA--,ERGAYASFGRDQ,24,GAYASF,ERGAYASF,RGAYASF,AYASF,RGAYASF,AYASF,1,...[FWY]..[WFY]
LMQPLAFHSLVMQRGIFTSPTNS,35,,23,18,,,,7.446692481,8.194230206,8.040002635,6,1349,1.91,IPLRLMQPLAFHSLVMQRGIFTSP,Bind,FHSL,LAFHSL,QPLAFHSL,IPLRLMQPLAFHSL,IPLRLMQPLAFHSLVMQRGIFTSP,QPLAFHSLVMQR,24,LAFHSL,QPLAFHSL,PLAFHSL,AFHSL,PLAFHSL,AFHSL,1,...[FWY]..[LVI]
MKFIWGVFGNRVINAKCAHVLPINTAII,33,,28,11,,,,8.715554155,8.48968609,6.428567923,6,1529,1.91,SGIPLRMKFIWGVFGNRVINAKCA,Bind,WGVF,FIWGVF,MKFIWGVF,SGIPLRMKFIWGVF,SGIPLRMKFIWGVFGNRVINAKCA,MKFIWGVFGNRV,24,FIWGVF,MKFIWGVF,KFIWGVF,IWGVF,KFIWGVF,IWGVF,1,...[FWY]..[WFY]
MMEELHSWTHVGRNYWRPVFLV,36,,22,37,,,,8.261733678,7.920236589,7.415511771,6,3528,1.9,PLRMMEELHSWTHVGRNYWRPVFL,Bind,WTHV,HSWTHV,ELHSWTHV,PLRMMEELHSWTHV,PLRMMEELHSWTHVGRNYWRPVFL,ELHSWTHVGRNY,24,HSWTHV,ELHSWTHV,LHSWTHV,SWTHV,LHSWTHV,SWTHV,1,...[FWY]..[LVI]
MMEELHSWTHVGRNYWRPVFLV,44,,22,37,,,,8.261733678,7.920236589,7.415511771,6,3528,1.9,HSWTHVGRNYWRPVFLV-------,Bind,WRPV,NYWRPV,GRNYWRPV,HSWTHVGRNYWRPV,HSWTHVGRNYWRPVFLV-------,GRNYWRPVFLV-,24,NYWRPV,GRNYWRPV,RNYWRPV,YWRPV,RNYWRPV,YWRPV,1,...[FWY]..[LVI]
WKNHMGPFMSILQEHIGVMKKKSSPPISLS,36,,30,25,,,,8.430395161,8.256351918,6.907108365,6,1892,1.9,PLRWKNHMGPFMSILQEHIGVMKK,Bind,FMSI,GPFMSI,HMGPFMSI,PLRWKNHMGPFMSI,PLRWKNHMGPFMSILQEHIGVMKK,HMGPFMSILQEH,24,GPFMSI,HMGPFMSI,MGPFMSI,PFMSI,MGPFMSI,PFMSI,1,...[FWY]..[LVI]
PAQKIEVFRGVLEQLRWFAGKQVKSVASLVGTSSL,36,,35,27,,,,8.529886417,8.591120359,6.455040135,6,3205,1.9,PLRPAQKIEVFRGVLEQLRWFAGK,Bind,FRGV,EVFRGV,KIEVFRGV,PLRPAQKIEVFRGV,PLRPAQKIEVFRGVLEQLRWFAGK,KIEVFRGVLEQL,24,EVFRGV,KIEVFRGV,IEVFRGV,VFRGV,IEVFRGV,VFRGV,1,...[FWY]..[LVI]
PEQLQEHAIEDKETINNLDTSSSDFTILQEIEEPSL,53,,36,310,,,,8.005147353,7.953454781,7.615627272,6,25665,1.9,INNLDTSSSDFTILQEIEEPSLRI,Bind,FTIL,SDFTIL,SSSDFTIL,INNLDTSSSDFTIL,INNLDTSSSDFTILQEIEEPSLRI,SSSDFTILQEIE,24,SDFTIL,SSSDFTIL,SSDFTIL,DFTIL,SSDFTIL,DFTIL,1,...[FWY]..[LVI]
MSERTQEQDFVIITVDDSDDNNDCSIEMVEVSETAD,38,,36,64,,,,8.048844743,7.984741618,7.512490407,6,6032,1.9,RMSERTQEQDFVIITVDDSDDNND,Bind,FVII,QDFVII,QEQDFVII,RMSERTQEQDFVII,RMSERTQEQDFVIITVDDSDDNND,QEQDFVIITVDD,24,QDFVII,QEQDFVII,EQDFVII,DFVII,EQDFVII,DFVII,1,...[FWY]..[LVI]
MYIPQTFTKLQRLPWFKSKSCFHLLC,35,,26,10,,,,8.444714832,8.52765394,6.566071447,6,1022,1.89,IPLRMYIPQTFTKLQRLPWFKSKS,Bind,FTKL,QTFTKL,IPQTFTKL,IPLRMYIPQTFTKL,IPLRMYIPQTFTKLQRLPWFKSKS,IPQTFTKLQRLP,24,QTFTKL,IPQTFTKL,PQTFTKL,TFTKL,PQTFTKL,TFTKL,1,...[FWY]..[LVI]
MYIPQTFTKLQRLPWFKSKSCFHLLC,50,,26,10,,,,8.444714832,8.52765394,6.566071447,6,1022,1.89,RLPWFKSKSCFHLLC---------,Bind,FHLL,SCFHLL,SKSCFHLL,RLPWFKSKSCFHLL,RLPWFKSKSCFHLLC---------,SKSCFHLLC---,24,SCFHLL,SKSCFHLL,KSCFHLL,CFHLL,KSCFHLL,CFHLL,1,...[FWY]..[LVI]
AFERTHYPDIYTREELAQLPS,35,,21,13,,,,8.110057498,7.734104818,7.690060164,6,999,1.89,IPLRAFERTHYPDIYTREELAQLP,Bind,YPDI,THYPDI,ERTHYPDI,IPLRAFERTHYPDI,IPLRAFERTHYPDIYTREELAQLP,ERTHYPDIYTRE,24,THYPDI,ERTHYPDI,RTHYPDI,HYPDI,RTHYPDI,HYPDI,1,...[FWY]..[LVI]
VYSANTWRALMARVHTVHSRVLLSPSFTC,35,,29,37,,,,8.053389913,8.061592438,7.415511771,6,2634,1.89,IPLRVYSANTWRALMARVHTVHSR,Bind,WRAL,NTWRAL,SANTWRAL,IPLRVYSANTWRAL,IPLRVYSANTWRALMARVHTVHSR,SANTWRALMARV,24,NTWRAL,SANTWRAL,ANTWRAL,TWRAL,ANTWRAL,TWRAL,1,...[FWY]..[LVI]
IVLAKINSVNQSDVKYKETFNKAKGKYTFSRYTTY,57,,35,29,,,,7.908661932,7.93913362,7.614981048,6,2354,1.88,TFNKAKGKYTFSRYTTY-------,Bind,FSRY,YTFSRY,GKYTFSRY,TFNKAKGKYTFSRY,TFNKAKGKYTFSRYTTY-------,GKYTFSRYTTY-,24,YTFSRY,GKYTFSRY,KYTFSRY,TFSRY,KYTFSRY,TFSRY,1,...[FWY]..[WFY]
IPTVHTSPQLINTTAKVPVPLLYQQYH,51,,27,28,,,,8.241489821,7.819834692,7.353663114,6,2070,1.88,TTAKVPVPLLYQQYH---------,Bind,YQQY,LLYQQY,VPLLYQQY,TTAKVPVPLLYQQY,TTAKVPVPLLYQQYH---------,VPLLYQQYH---,24,LLYQQY,VPLLYQQY,PLLYQQY,LYQQY,PLLYQQY,LYQQY,1,...[FWY]..[WFY]
IKENHKNIPLALNYTQWEEIPCLKPAVSCGH,42,,31,11,,,,7.639786647,7.390150416,8.367167379,6,714,1.87,NHKNIPLALNYTQWEEIPCLKPAV,Bind,YTQW,LNYTQW,LALNYTQW,NHKNIPLALNYTQW,NHKNIPLALNYTQWEEIPCLKPAV,LALNYTQWEEIP,24,LNYTQW,LALNYTQW,ALNYTQW,NYTQW,ALNYTQW,NYTQW,1,...[FWY]..[WFY]
LQHLWTPTSWMPIVSLSKSSTSTASTSPA,38,,29,17,,,,7.782273579,8.042227113,7.537502295,6,1209,1.87,RLQHLWTPTSWMPIVSLSKSSTST,Bind,WMPI,TSWMPI,TPTSWMPI,RLQHLWTPTSWMPI,RLQHLWTPTSWMPIVSLSKSSTST,TPTSWMPIVSLS,24,TSWMPI,TPTSWMPI,PTSWMPI,SWMPI,PTSWMPI,SWMPI,1,...[FWY]..[LVI]
AWGTWGPGAEPEDWGILGREEARTTPGREEARAILD,30,,36,103,,,,8.118587253,7.933155414,7.274747997,6,9866,1.86,GGGSGIPLRAWGTWGPGAEPEDWG,Bind,WGTW,RAWGTW,PLRAWGTW,GGGSGIPLRAWGTW,GGGSGIPLRAWGTWGPGAEPEDWG,PLRAWGTWGPGA,24,RAWGTW,PLRAWGTW,LRAWGTW,AWGTW,LRAWGTW,AWGTW,1,...[FWY]..[WFY]
AWGTWGPGAEPEDWGILGREEARTTPGREEARAILD,42,,36,103,,,,8.118587253,7.933155414,7.274747997,6,9866,1.86,TWGPGAEPEDWGILGREEARTTPG,Bind,WGIL,EDWGIL,EPEDWGIL,TWGPGAEPEDWGIL,TWGPGAEPEDWGILGREEARTTPG,EPEDWGILGREE,24,EDWGIL,EPEDWGIL,PEDWGIL,DWGIL,PEDWGIL,DWGIL,1,...[FWY]..[LVI]
LASYLHGHEPSNLVFVNFLKRGLFHN,43,,26,26,,,,7.974280719,8.014212737,7.303037041,6,2012,1.86,LHGHEPSNLVFVNFLKRGLFHN--,Bind,FVNF,LVFVNF,SNLVFVNF,LHGHEPSNLVFVNF,LHGHEPSNLVFVNFLKRGLFHN--,SNLVFVNFLKRG,24,LVFVNF,SNLVFVNF,NLVFVNF,VFVNF,NLVFVNF,VFVNF,1,...[FWY]..[WFY]
QKGFRLVGLKFMQASEDLLKEHYVT,32,,25,10,,,,7.674720437,7.720299018,7.887999542,6,986,1.86,GSGIPLRQKGFRLVGLKFMQASED,Bind,FRLV,KGFRLV,RQKGFRLV,GSGIPLRQKGFRLV,GSGIPLRQKGFRLVGLKFMQASED,RQKGFRLVGLKF,24,KGFRLV,RQKGFRLV,QKGFRLV,GFRLV,QKGFRLV,GFRLV,1,...[FWY]..[LVI]
FLAKIFKPLFLQRLQGKESHLDTLNRAQLTQLFLA,34,,35,10,,,,8.244416182,7.720299018,7.303037041,6,922,1.86,GIPLRFLAKIFKPLFLQRLQGKES,Bind,FKPL,KIFKPL,LAKIFKPL,GIPLRFLAKIFKPL,GIPLRFLAKIFKPLFLQRLQGKES,LAKIFKPLFLQR,24,KIFKPL,LAKIFKPL,AKIFKPL,IFKPL,AKIFKPL,IFKPL,1,...[FWY]..[LVI]
NKLQNLAHRVITANRLGYWRMF,47,,22,29,,,,8.100193389,7.93913362,7.199943548,6,2123,1.85,RVITANRLGYWRMF----------,Bind,WRMF,GYWRMF,RLGYWRMF,RVITANRLGYWRMF,RVITANRLGYWRMF----------,RLGYWRMF----,24,GYWRMF,RLGYWRMF,LGYWRMF,YWRMF,LGYWRMF,YWRMF,1,...[FWY]..[WFY]
TDGLWDVLSNEEVAEAITQFLPNCDPDDPHRYTLAA,33,,36,25,,,,7.628426785,7.683773142,7.907108365,6,1344,1.85,SGIPLRTDGLWDVLSNEEVAEAIT,Bind,WDVL,GLWDVL,TDGLWDVL,SGIPLRTDGLWDVL,SGIPLRTDGLWDVLSNEEVAEAIT,TDGLWDVLSNEE,24,GLWDVL,TDGLWDVL,DGLWDVL,LWDVL,DGLWDVL,LWDVL,1,...[FWY]..[LVI]
DYTSVMHYSKLHSKMVQSRRLSHVSQTLRM,30,,30,27,,,,8.068510203,8.068699324,7.071711495,6,2620,1.85,GGGSGIPLRDYTSVMHYSKLHSKM,Bind,YTSV,RDYTSV,PLRDYTSV,GGGSGIPLRDYTSV,GGGSGIPLRDYTSVMHYSKLHSKM,PLRDYTSVMHYS,24,RDYTSV,PLRDYTSV,LRDYTSV,DYTSV,LRDYTSV,DYTSV,1,...[FWY]..[LVI]
DYTSVMHYSKLHSKMVQSRRLSHVSQTLRM,36,,30,27,,,,8.068510203,8.068699324,7.071711495,6,2620,1.85,PLRDYTSVMHYSKLHSKMVQSRRL,Bind,YSKL,MHYSKL,SVMHYSKL,PLRDYTSVMHYSKL,PLRDYTSVMHYSKLHSKMVQSRRL,SVMHYSKLHSKM,24,MHYSKL,SVMHYSKL,VMHYSKL,HYSKL,VMHYSKL,HYSKL,1,...[FWY]..[LVI]
WTKGPEKSVEVPKESSSLFNMI,47,,22,22,,,,7.401989533,7.79224886,8.013530424,6,1455,1.85,VEVPKESSSLFNMI----------,Bind,FNMI,SLFNMI,SSSLFNMI,VEVPKESSSLFNMI,VEVPKESSSLFNMI----------,SSSLFNMI----,24,SLFNMI,SSSLFNMI,SSLFNMI,LFNMI,SSLFNMI,LFNMI,1,...[FWY]..[LVI]
IWQFSSLFSKIKSWEFNEVTSMSST,32,,25,31,,,,7.825743439,7.895385725,7.478123748,6,2624,1.85,GSGIPLRIWQFSSLFSKIKSWEFN,Bind,FSSL,WQFSSL,RIWQFSSL,GSGIPLRIWQFSSL,GSGIPLRIWQFSSLFSKIKSWEFN,RIWQFSSLFSKI,24,WQFSSL,RIWQFSSL,IWQFSSL,QFSSL,IWQFSSL,QFSSL,1,...[FWY]..[LVI]
IWQFSSLFSKIKSWEFNEVTSMSST,36,,25,31,,,,7.825743439,7.895385725,7.478123748,6,2624,1.85,PLRIWQFSSLFSKIKSWEFNEVTS,Bind,FSKI,SLFSKI,FSSLFSKI,PLRIWQFSSLFSKI,PLRIWQFSSLFSKIKSWEFNEVTS,FSSLFSKIKSWE,24,SLFSKI,FSSLFSKI,SSLFSKI,LFSKI,SSLFSKI,LFSKI,1,...[FWY]..[LVI]
IWQFSSLFSKIKSWEFNEVTSMSST,44,,25,31,,,,7.825743439,7.895385725,7.478123748,6,2624,1.85,SLFSKIKSWEFNEVTSMSST----,Bind,FNEV,WEFNEV,KSWEFNEV,SLFSKIKSWEFNEV,SLFSKIKSWEFNEVTSMSST----,KSWEFNEVTSMS,24,WEFNEV,KSWEFNEV,SWEFNEV,EFNEV,SWEFNEV,EFNEV,1,...[FWY]..[LVI]
SLHLLSPGSHSLFTRAILQSGSFNALGR,51,,28,28,,,,7.828891368,7.27926631,8.08064462,6,1443,1.85,FTRAILQSGSFNALGR--------,Bind,FNAL,GSFNAL,QSGSFNAL,FTRAILQSGSFNAL,FTRAILQSGSFNALGR--------,QSGSFNALGR--,24,GSFNAL,QSGSFNAL,SGSFNAL,SFNAL,SGSFNAL,SFNAL,1,...[FWY]..[LVI]
ICARTFFKITAPLINKRKEYSERRILGYSMQEV,34,,33,14,,,,8.150819462,8.189068501,6.817610214,6,1456,1.84,GIPLRICARTFFKITAPLINKRKE,Bind,FFKI,RTFFKI,CARTFFKI,GIPLRICARTFFKI,GIPLRICARTFFKITAPLINKRKE,CARTFFKITAPL,24,RTFFKI,CARTFFKI,ARTFFKI,TFFKI,ARTFFKI,TFFKI,1,...[FWY]..[LVI]
TMNEDSNEEEEESENDWEEVEELELSEPVLGDVRESTA,45,,38,52,,,,8.423320732,8.10997172,6.602597323,6,6813,1.84,NEEEEESENDWEEVEELELSEPVL,Bind,WEEV,NDWEEV,SENDWEEV,NEEEEESENDWEEV,NEEEEESENDWEEVEELELSEPVL,SENDWEEVEELE,24,NDWEEV,SENDWEEV,ENDWEEV,DWEEV,ENDWEEV,DWEEV,1,...[FWY]..[LVI]
PVLEGQRLVALKKFWQCWPSISLAGR,43,,26,11,,,,8.280244261,7.283235212,7.544045141,6,1236,1.84,GQRLVALKKFWQCWPSISLAGR--,Bind,WQCW,KFWQCW,LKKFWQCW,GQRLVALKKFWQCW,GQRLVALKKFWQCWPSISLAGR--,LKKFWQCWPSIS,24,KFWQCW,LKKFWQCW,KKFWQCW,FWQCW,KKFWQCW,FWQCW,1,...[FWY]..[WFY]
TAVALAYGIYKQDLPPLDEKPRNVVFIV,35,,28,20,,,,8.309435973,8.005701237,6.788463868,6,1981,1.83,IPLRTAVALAYGIYKQDLPPLDEK,Bind,YGIY,LAYGIY,VALAYGIY,IPLRTAVALAYGIY,IPLRTAVALAYGIYKQDLPPLDEK,VALAYGIYKQDL,24,LAYGIY,VALAYGIY,ALAYGIY,AYGIY,ALAYGIY,AYGIY,1,...[FWY]..[WFY]
AASFHSAVFSLLKANNPWPASTSCCVPTARRPLSL,37,,35,19,,,,7.960225124,8.003752965,7.142572369,6,1198,1.83,LRAASFHSAVFSLLKANNPWPAST,Bind,FSLL,AVFSLL,HSAVFSLL,LRAASFHSAVFSLL,LRAASFHSAVFSLLKANNPWPAST,HSAVFSLLKANN,24,AVFSLL,HSAVFSLL,SAVFSLL,VFSLL,SAVFSLL,VFSLL,1,...[FWY]..[LVI]
DQDVDTRDFFDNGEWEIVSATGSKGNRTDSCCWYPY,43,,36,213,,,,7.890528345,7.936874113,7.254827948,6,18250,1.83,DTRDFFDNGEWEIVSATGSKGNRT,Bind,WEIV,GEWEIV,DNGEWEIV,DTRDFFDNGEWEIV,DTRDFFDNGEWEIVSATGSKGNRT,DNGEWEIVSATG,24,GEWEIV,DNGEWEIV,NGEWEIV,EWEIV,NGEWEIV,EWEIV,1,...[FWY]..[LVI]
DQDVDTRDFFDNGEWEIVSATGSKGNRTDSCCWYPY,61,,36,213,,,,7.890528345,7.936874113,7.254827948,6,18250,1.83,SKGNRTDSCCWYPYRIARGSGSEQ,Bind,WYPY,CCWYPY,DSCCWYPY,SKGNRTDSCCWYPY,SKGNRTDSCCWYPYRIARGSGSEQ,DSCCWYPYRIAR,24,CCWYPY,DSCCWYPY,SCCWYPY,CWYPY,SCCWYPY,CWYPY,1,...[FWY]..[WFY]
MVEDYLANSYQDSVTFDDVAVEFTPEEWALLDTTEK,44,,36,142,,,,8.012601828,7.96929559,7.084027259,6,12877,1.83,LANSYQDSVTFDDVAVEFTPEEWA,Bind,FDDV,VTFDDV,DSVTFDDV,LANSYQDSVTFDDV,LANSYQDSVTFDDVAVEFTPEEWA,DSVTFDDVAVEF,24,VTFDDV,DSVTFDDV,SVTFDDV,TFDDV,SVTFDDV,TFDDV,1,...[FWY]..[LVI]
MVEDYLANSYQDSVTFDDVAVEFTPEEWALLDTTEK,56,,36,142,,,,8.012601828,7.96929559,7.084027259,6,12877,1.83,DVAVEFTPEEWALLDTTEKRIARG,Bind,WALL,EEWALL,TPEEWALL,DVAVEFTPEEWALL,DVAVEFTPEEWALLDTTEKRIARG,TPEEWALLDTTE,24,EEWALL,TPEEWALL,PEEWALL,EWALL,PEEWALL,EWALL,1,...[FWY]..[LVI]
LSAGGPLANPEVDTREWVVLGKGLSRSALFRSRVR,45,,35,57,,,,8.190092666,8.016692021,6.827699032,6,4630,1.82,LANPEVDTREWVVLGKGLSRSALF,Bind,WVVL,REWVVL,DTREWVVL,LANPEVDTREWVVL,LANPEVDTREWVVLGKGLSRSALF,DTREWVVLGKGL,24,REWVVL,DTREWVVL,TREWVVL,EWVVL,TREWVVL,EWVVL,1,...[FWY]..[LVI]
EYFAALMTTMEAVESPESLAPLLTC,31,,25,11,,,,7.359678728,7.975112917,7.650960345,6,912,1.82,GGSGIPLREYFAALMTTMEAVESP,Bind,FAAL,EYFAAL,LREYFAAL,GGSGIPLREYFAAL,GGSGIPLREYFAALMTTMEAVESP,LREYFAALMTTM,24,EYFAAL,LREYFAAL,REYFAAL,YFAAL,REYFAAL,YFAAL,1,...[FWY]..[LVI]
SGAIVDLISRQYDKFLTHFI,40,,20,25,,,,8.063707504,7.720299018,7.182742808,6,1638,1.81,GAIVDLISRQYDKFLTHFI-----,Bind,YDKF,RQYDKF,ISRQYDKF,GAIVDLISRQYDKF,GAIVDLISRQYDKFLTHFI-----,ISRQYDKFLTHF,24,RQYDKF,ISRQYDKF,SRQYDKF,QYDKF,SRQYDKF,QYDKF,1,...[FWY]..[WFY]
LNRYAVEGRDLTLQYNIYNVGSSAALDVGTV,43,,31,49,,,,7.670064075,7.617341828,7.665607121,6,4469,1.81,AVEGRDLTLQYNIYNVGSSAALDV,Bind,YNIY,LQYNIY,LTLQYNIY,AVEGRDLTLQYNIY,AVEGRDLTLQYNIYNVGSSAALDV,LTLQYNIYNVGS,24,LQYNIY,LTLQYNIY,TLQYNIY,QYNIY,TLQYNIY,QYNIY,1,...[FWY]..[WFY]
VNLPRFWESHACLACDHVKRHQEYKLLVI,52,,29,30,,,,7.781997174,8.017979567,7.151033948,6,2130,1.81,ACDHVKRHQEYKLLVI--------,Bind,YKLL,QEYKLL,RHQEYKLL,ACDHVKRHQEYKLL,ACDHVKRHQEYKLLVI--------,RHQEYKLLVI--,24,QEYKLL,RHQEYKLL,HQEYKLL,EYKLL,HQEYKLL,EYKLL,1,...[FWY]..[LVI]
LLIRGWNACPEVVRNFLKLS,44,,20,11,,,,8.086302378,7.975112917,6.843605423,6,1081,1.81,WNACPEVVRNFLKLS---------,Bind,FLKL,RNFLKL,VVRNFLKL,WNACPEVVRNFLKL,WNACPEVVRNFLKLS---------,VVRNFLKLS---,24,RNFLKL,VVRNFLKL,VRNFLKL,NFLKL,VRNFLKL,NFLKL,1,...[FWY]..[LVI]
ALSWNHFILSSGSRLGRVYHHDVG,32,,24,14,,,,7.994477433,7.935311909,6.955113738,6,812,1.8,GSGIPLRALSWNHFILSSGSRLGR,Bind,WNHF,LSWNHF,RALSWNHF,GSGIPLRALSWNHF,GSGIPLRALSWNHFILSSGSRLGR,RALSWNHFILSS,24,LSWNHF,RALSWNHF,ALSWNHF,SWNHF,ALSWNHF,SWNHF,1,...[FWY]..[WFY]
LMPILVEKFPFVRKSERTGMLRS,37,,23,35,,,,7.502081051,8.102768655,7.218148144,6,2091,1.79,LRLMPILVEKFPFVRKSERTGMLR,Bind,FPFV,EKFPFV,LVEKFPFV,LRLMPILVEKFPFV,LRLMPILVEKFPFVRKSERTGMLR,LVEKFPFVRKSE,24,EKFPFV,LVEKFPFV,VEKFPFV,KFPFV,VEKFPFV,KFPFV,1,...[FWY]..[LVI]
HLESLTLTGTKISSIPNNLCQEQKMLRTLDLSYNNV,61,,36,10,,,,7.925043792,7.720299018,7.151033948,6,1145,1.79,QKMLRTLDLSYNNVRIARGSGSEQ,Bind,YNNV,LSYNNV,LDLSYNNV,QKMLRTLDLSYNNV,QKMLRTLDLSYNNVRIARGSGSEQ,LDLSYNNVRIAR,24,LSYNNV,LDLSYNNV,DLSYNNV,SYNNV,DLSYNNV,SYNNV,1,...[FWY]..[LVI]
KASPPFPLISNAQALAQEVQTF,34,,22,13,,,,7.759776207,7.341787395,7.690060164,6,1167,1.79,GIPLRKASPPFPLISNAQALAQEV,Bind,FPLI,PPFPLI,ASPPFPLI,GIPLRKASPPFPLI,GIPLRKASPPFPLISNAQALAQEV,ASPPFPLISNAQ,24,PPFPLI,ASPPFPLI,SPPFPLI,PFPLI,SPPFPLI,PFPLI,1,...[FWY]..[LVI]
EYEEENEEEDAEKWNEMDFEIIETNDTMRHSIIETS,47,,36,40,,,,8.95035488,8.024079766,5.788463868,6,6561,1.79,EDAEKWNEMDFEIIETNDTMRHSI,Bind,FEII,MDFEII,NEMDFEII,EDAEKWNEMDFEII,EDAEKWNEMDFEIIETNDTMRHSI,NEMDFEIIETND,24,MDFEII,NEMDFEII,EMDFEII,DFEII,EMDFEII,DFEII,1,...[FWY]..[LVI]
INGTEWTRQLVMKKMVPTCMLQRFHKFLV,52,,29,12,,,,7.97111344,7.916696231,6.887999542,6,1339,1.79,KMVPTCMLQRFHKFLV--------,Bind,FHKF,QRFHKF,MLQRFHKF,KMVPTCMLQRFHKF,KMVPTCMLQRFHKFLV--------,MLQRFHKFLV--,24,QRFHKF,MLQRFHKF,LQRFHKF,RFHKF,LQRFHKF,RFHKF,1,...[FWY]..[WFY]
MTEYKLVVVGAGGVGKSALRFS,32,,22,18,,,,8.077046885,7.959764953,6.718074541,6,1216,1.79,GSGIPLRMTEYKLVVVGAGGVGKS,Bind,YKLV,TEYKLV,RMTEYKLV,GSGIPLRMTEYKLV,GSGIPLRMTEYKLVVVGAGGVGKS,RMTEYKLVVVGA,24,TEYKLV,RMTEYKLV,MTEYKLV,EYKLV,MTEYKLV,EYKLV,1,...[FWY]..[LVI]
PNAGKSSLLRAISNARPAVASYPFTTLKPHVGIVH,52,,35,18,,,,7.623190137,7.779192707,7.303037041,6,1202,1.78,NARPAVASYPFTTLKPHVGIVH--,Bind,FTTL,YPFTTL,ASYPFTTL,NARPAVASYPFTTL,NARPAVASYPFTTLKPHVGIVH--,ASYPFTTLKPHV,24,YPFTTL,ASYPFTTL,SYPFTTL,PFTTL,SYPFTTL,PFTTL,1,...[FWY]..[LVI]
MDLAKHLPHAFSKLETHGAFLSY,48,,23,40,,,,7.244416182,7.674495328,7.76246866,6,1612,1.77,AFSKLETHGAFLSY----------,Bind,FLSY,GAFLSY,THGAFLSY,AFSKLETHGAFLSY,AFSKLETHGAFLSY----------,THGAFLSY----,24,GAFLSY,THGAFLSY,HGAFLSY,AFLSY,HGAFLSY,AFLSY,1,...[FWY]..[WFY]
QAKAIFEKVKRFRMHVEQKDTFIVYI,34,,26,10,,,,8.488569122,6.720299018,7.440540565,6,1234,1.77,GIPLRQAKAIFEKVKRFRMHVEQK,Bind,FEKV,AIFEKV,AKAIFEKV,GIPLRQAKAIFEKV,GIPLRQAKAIFEKVKRFRMHVEQK,AKAIFEKVKRFR,24,AIFEKV,AKAIFEKV,KAIFEKV,IFEKV,KAIFEKV,IFEKV,1,...[FWY]..[LVI]
QAKAIFEKVKRFRMHVEQKDTFIVYI,50,,26,10,,,,8.488569122,6.720299018,7.440540565,6,1234,1.77,FRMHVEQKDTFIVYI---------,Bind,FIVY,DTFIVY,QKDTFIVY,FRMHVEQKDTFIVY,FRMHVEQKDTFIVYI---------,QKDTFIVYI---,24,DTFIVY,QKDTFIVY,KDTFIVY,TFIVY,KDTFIVY,TFIVY,1,...[FWY]..[WFY]
LTGLLTLGVNGHGQQNFHLY,45,,20,21,,,,8.121938342,8.173471646,6.370151237,6,1439,1.77,LGVNGHGQQNFHLY----------,Bind,FHLY,QNFHLY,GQQNFHLY,LGVNGHGQQNFHLY,LGVNGHGQQNFHLY----------,GQQNFHLY----,24,QNFHLY,GQQNFHLY,QQNFHLY,NFHLY,QQNFHLY,NFHLY,1,...[FWY]..[WFY]
PLEQVADDGLYEFLDFVDATDRYRSLWV,39,,28,41,,,,8.097146916,7.85460011,6.700372539,6,4074,1.77,PLEQVADDGLYEFLDFVDATDRYR,Bind,YEFL,GLYEFL,DDGLYEFL,PLEQVADDGLYEFL,PLEQVADDGLYEFLDFVDATDRYR,DDGLYEFLDFVD,24,GLYEFL,DDGLYEFL,DGLYEFL,LYEFL,DGLYEFL,LYEFL,1,...[FWY]..[LVI]
PLEQVADDGLYEFLDFVDATDRYRSLWV,51,,28,41,,,,8.097146916,7.85460011,6.700372539,6,4074,1.77,FLDFVDATDRYRSLWV--------,Bind,YRSL,DRYRSL,ATDRYRSL,FLDFVDATDRYRSL,FLDFVDATDRYRSLWV--------,ATDRYRSLWV--,24,DRYRSL,ATDRYRSL,TDRYRSL,RYRSL,TDRYRSL,RYRSL,1,...[FWY]..[LVI]
IQGSLQDIFKFARTSPSHVKSVPLWYLRF,54,,29,32,,,,7.748721019,7.468491868,7.432320058,6,1930,1.77,PSHVKSVPLWYLRF----------,Bind,YLRF,LWYLRF,VPLWYLRF,PSHVKSVPLWYLRF,PSHVKSVPLWYLRF----------,VPLWYLRF----,24,LWYLRF,VPLWYLRF,PLWYLRF,WYLRF,PLWYLRF,WYLRF,1,...[FWY]..[WFY]
GMRALSLAKNNSLMPMSKAPFKSY,49,,24,11,,,,7.443094736,7.904723589,7.303037041,6,553,1.77,NSLMPMSKAPFKSY----------,Bind,FKSY,APFKSY,SKAPFKSY,NSLMPMSKAPFKSY,NSLMPMSKAPFKSY----------,SKAPFKSY----,24,APFKSY,SKAPFKSY,KAPFKSY,PFKSY,KAPFKSY,PFKSY,1,...[FWY]..[WFY]
MSNPFAHLAEPLDPVQPGKKFLI,33,,23,22,,,,7.434966855,7.940347499,7.235922845,6,1449,1.76,SGIPLRMSNPFAHLAEPLDPVQPG,Bind,FAHL,NPFAHL,MSNPFAHL,SGIPLRMSNPFAHL,SGIPLRMSNPFAHLAEPLDPVQPG,MSNPFAHLAEPL,24,NPFAHL,MSNPFAHL,SNPFAHL,PFAHL,SNPFAHL,PFAHL,1,...[FWY]..[LVI]
KALGPLLAGTGVRPPNMSLDYDFLRNGASRNAA,49,,33,11,,,,8.086302378,7.48968609,7.013530424,6,1039,1.76,GVRPPNMSLDYDFLRNGASRNAA-,Bind,YDFL,LDYDFL,MSLDYDFL,GVRPPNMSLDYDFL,GVRPPNMSLDYDFLRNGASRNAA-,MSLDYDFLRNGA,24,LDYDFL,MSLDYDFL,SLDYDFL,DYDFL,SLDYDFL,DYDFL,1,...[FWY]..[LVI]
IPSESKGFRAALSSNPSFWQIHSLVSQLKPH,46,,31,12,,,,7.875253425,7.980826568,6.718074541,6,875,1.76,FRAALSSNPSFWQIHSLVSQLKPH,Bind,FWQI,PSFWQI,SNPSFWQI,FRAALSSNPSFWQI,FRAALSSNPSFWQIHSLVSQLKPH,SNPSFWQIHSLV,24,PSFWQI,SNPSFWQI,NPSFWQI,SFWQI,NPSFWQI,SFWQI,1,...[FWY]..[LVI]
AVQYFWDRGHRDIMSFASVALQ,44,,22,10,,,,7.819110347,7.042227113,7.681548665,6,770,1.76,WDRGHRDIMSFASVALQ-------,Bind,FASV,MSFASV,DIMSFASV,WDRGHRDIMSFASV,WDRGHRDIMSFASVALQ-------,DIMSFASVALQ-,24,MSFASV,DIMSFASV,IMSFASV,SFASV,IMSFASV,SFASV,1,...[FWY]..[LVI]
ILKSDAAKPLLGHDAVIQALAQKVFMSLTRKNW,53,,33,17,,,,8.067250537,8.24016649,6.2155742,6,1449,1.75,AVIQALAQKVFMSLTRKNW-----,Bind,FMSL,KVFMSL,AQKVFMSL,AVIQALAQKVFMSL,AVIQALAQKVFMSLTRKNW-----,AQKVFMSLTRKN,24,KVFMSL,AQKVFMSL,QKVFMSL,VFMSL,QKVFMSL,VFMSL,1,...[FWY]..[LVI]
LTRYLNWIGVPTREFNVGQYRRDVVKTYKSFEFL,32,,34,23,,,,7.554282659,7.042227113,7.866937926,6,1039,1.74,GSGIPLRLTRYLNWIGVPTREFNV,Bind,YLNW,TRYLNW,RLTRYLNW,GSGIPLRLTRYLNW,GSGIPLRLTRYLNWIGVPTREFNV,RLTRYLNWIGVP,24,TRYLNW,RLTRYLNW,LTRYLNW,RYLNW,LTRYLNW,RYLNW,1,...[FWY]..[WFY]
LTRYLNWIGVPTREFNVGQYRRDVVKTYKSFEFL,56,,34,23,,,,7.554282659,7.042227113,7.866937926,6,1039,1.74,GQYRRDVVKTYKSFEFL-------,Bind,YKSF,KTYKSF,VVKTYKSF,GQYRRDVVKTYKSF,GQYRRDVVKTYKSFEFL-------,VVKTYKSFEFL-,24,KTYKSF,VVKTYKSF,VKTYKSF,TYKSF,VKTYKSF,TYKSF,1,...[FWY]..[WFY]
LSGPVTRLALSTSSRPLSALGLRFLSFK,52,,28,16,,,,7.878004036,7.501658732,7.003476759,6,996,1.73,SRPLSALGLRFLSFK---------,Bind,FLSF,LRFLSF,LGLRFLSF,SRPLSALGLRFLSF,SRPLSALGLRFLSFK---------,LGLRFLSFK---,24,LRFLSF,LGLRFLSF,GLRFLSF,RFLSF,GLRFLSF,RFLSF,1,...[FWY]..[WFY]
FYNHKTSVFTPAYGSVTNVRINSTMTTPQV,41,,30,18,,,,7.18760526,7.679657033,7.525429463,6,971,1.73,NHKTSVFTPAYGSVTNVRINSTMT,Bind,YGSV,PAYGSV,FTPAYGSV,NHKTSVFTPAYGSV,NHKTSVFTPAYGSVTNVRINSTMT,FTPAYGSVTNVR,24,PAYGSV,FTPAYGSV,TPAYGSV,AYGSV,TPAYGSV,AYGSV,1,...[FWY]..[LVI]
SEDGPGDGFTILSSKSLVLGQKLSLTDISHIGST,37,,34,45,,,,8.097331156,7.817160557,6.396146446,6,4037,1.72,LRSEDGPGDGFTILSSKSLVLGQK,Bind,FTIL,DGFTIL,PGDGFTIL,LRSEDGPGDGFTIL,LRSEDGPGDGFTILSSKSLVLGQK,PGDGFTILSSKS,24,DGFTIL,PGDGFTIL,GDGFTIL,GFTIL,GDGFTIL,GFTIL,1,...[FWY]..[LVI]
EQLFYRIAHLNPVSSICCGWPPSPLPAGATAARR,32,,34,14,,,,7.717470085,7.627189614,6.955113738,6,1090,1.72,GSGIPLREQLFYRIAHLNPVSSIC,Bind,FYRI,QLFYRI,REQLFYRI,GSGIPLREQLFYRI,GSGIPLREQLFYRIAHLNPVSSIC,REQLFYRIAHLN,24,QLFYRI,REQLFYRI,EQLFYRI,LFYRI,EQLFYRI,LFYRI,1,...[FWY]..[LVI]
SPVVERLGFDENFVDLTEMVEKRLQQLQSDELSAVT,41,,36,182,,,,7.897708743,7.459244976,6.934793753,6,16827,1.72,VVERLGFDENFVDLTEMVEKRLQQ,Bind,FVDL,ENFVDL,FDENFVDL,VVERLGFDENFVDL,VVERLGFDENFVDLTEMVEKRLQQ,FDENFVDLTEMV,24,ENFVDL,FDENFVDL,DENFVDL,NFVDL,DENFVDL,NFVDL,1,...[FWY]..[LVI]
GFWTGLGTGGILGYLFGSNRAATPFSDSWYYPSYPP,31,,36,23,,,,7.596717925,7.219104875,7.423331275,6,1467,1.71,GGSGIPLRGFWTGLGTGGILGYLF,Bind,WTGL,GFWTGL,LRGFWTGL,GGSGIPLRGFWTGL,GGSGIPLRGFWTGLGTGGILGYLF,LRGFWTGLGTGG,24,GFWTGL,LRGFWTGL,RGFWTGL,FWTGL,RGFWTGL,FWTGL,1,...[FWY]..[LVI]
GFWTGLGTGGILGYLFGSNRAATPFSDSWYYPSYPP,59,,36,23,,,,7.596717925,7.219104875,7.423331275,6,1467,1.71,AATPFSDSWYYPSYPPRIARGSGS,Bind,YPSY,WYYPSY,DSWYYPSY,AATPFSDSWYYPSY,AATPFSDSWYYPSYPPRIARGSGS,DSWYYPSYPPRI,24,WYYPSY,DSWYYPSY,SWYYPSY,YYPSY,SWYYPSY,YYPSY,1,...[FWY]..[WFY]
MARVPLTFSDVAIASLRRSGNI,36,,22,19,,,,7.338736747,7.601654521,7.303037041,6,958,1.71,PLRMARVPLTFSDVAIASLRRSGN,Bind,FSDV,LTFSDV,VPLTFSDV,PLRMARVPLTFSDV,PLRMARVPLTFSDVAIASLRRSGN,VPLTFSDVAIAS,24,LTFSDV,VPLTFSDV,PLTFSDV,TFSDV,PLTFSDV,TFSDV,1,...[FWY]..[LVI]
GKALSVPPTLFVTNVFTLVNVHMSAVNVGRPTA,44,,33,10,,,,7.628426785,8.305261519,6.303037041,6,894,1.71,VPPTLFVTNVFTLVNVHMSAVNVG,Bind,FTLV,NVFTLV,VTNVFTLV,VPPTLFVTNVFTLV,VPPTLFVTNVFTLVNVHMSAVNVG,VTNVFTLVNVHM,24,NVFTLV,VTNVFTLV,TNVFTLV,VFTLV,TNVFTLV,VFTLV,1,...[FWY]..[LVI]
HAHSQSAEAERPANTSPWQYLAL,46,,23,27,,,,8.055609714,7.810901567,6.355504461,6,2309,1.71,EAERPANTSPWQYLAL--------,Bind,WQYL,SPWQYL,NTSPWQYL,EAERPANTSPWQYL,EAERPANTSPWQYLAL--------,NTSPWQYLAL--,24,SPWQYL,NTSPWQYL,TSPWQYL,PWQYL,TSPWQYL,PWQYL,1,...[FWY]..[LVI]
EVRFTNVPERTQIDVGRILYSV,32,,22,18,,,,7.199382428,7.627189614,7.381039553,6,1148,1.71,GSGIPLREVRFTNVPERTQIDVGR,Bind,FTNV,VRFTNV,REVRFTNV,GSGIPLREVRFTNV,GSGIPLREVRFTNVPERTQIDVGR,REVRFTNVPERT,24,VRFTNV,REVRFTNV,EVRFTNV,RFTNV,EVRFTNV,RFTNV,1,...[FWY]..[LVI]
MPNTSVVLDTDAEFVILLLFLLLLFFFFRASFA,42,,33,407,,,,8.140802109,7.387362599,6.622836744,6,39611,1.7,TSVVLDTDAEFVILLLFLLLLFFF,Bind,FVIL,AEFVIL,TDAEFVIL,TSVVLDTDAEFVIL,TSVVLDTDAEFVILLLFLLLLFFF,TDAEFVILLLFL,24,AEFVIL,TDAEFVIL,DAEFVIL,EFVIL,DAEFVIL,EFVIL,1,...[FWY]..[LVI]
MPNTSVVLDTDAEFVILLLFLLLLFFFFRASFA,48,,33,407,,,,8.140802109,7.387362599,6.622836744,6,39611,1.7,TDAEFVILLLFLLLLFFFFRASFA,Bind,FLLL,LLFLLL,ILLLFLLL,TDAEFVILLLFLLL,TDAEFVILLLFLLLLFFFFRASFA,ILLLFLLLLFFF,24,LLFLLL,ILLLFLLL,LLLFLLL,LFLLL,LLLFLLL,LFLLL,1,...[FWY]..[LVI]
MPNTSVVLDTDAEFVILLLFLLLLFFFFRASFA,53,,33,407,,,,8.140802109,7.387362599,6.622836744,6,39611,1.7,VILLLFLLLLFFFFRASFA-----,Bind,FFFF,LLFFFF,LLLLFFFF,VILLLFLLLLFFFF,VILLLFLLLLFFFFRASFA-----,LLLLFFFFRASF,24,LLFFFF,LLLLFFFF,LLLFFFF,LFFFF,LLLFFFF,LFFFF,1,...[FWY]..[WFY]
HLAAGYNNLEVAEYLLEHGADVNAQTRVV,34,,29,29,,,,7.296732383,7.828102308,7.030018547,6,1695,1.7,GIPLRHLAAGYNNLEVAEYLLEHG,Bind,YNNL,AGYNNL,LAAGYNNL,GIPLRHLAAGYNNL,GIPLRHLAAGYNNLEVAEYLLEHG,LAAGYNNLEVAE,24,AGYNNL,LAAGYNNL,AAGYNNL,GYNNL,AAGYNNL,GYNNL,1,...[FWY]..[LVI]
RVVNGAFMVLKGHRSIVNQARFNPHTYMICSLV,35,,33,11,,,,7.307211308,7.830723008,7.013530424,6,645,1.7,IPLRRVVNGAFMVLKGHRSIVNQA,Bind,FMVL,GAFMVL,VNGAFMVL,IPLRRVVNGAFMVL,IPLRRVVNGAFMVLKGHRSIVNQA,VNGAFMVLKGHR,24,GAFMVL,VNGAFMVL,NGAFMVL,AFMVL,NGAFMVL,AFMVL,1,...[FWY]..[LVI]
MSQAVQQRYSTIKQNMGTQFI,37,,21,48,,,,7.790197655,7.932998043,6.418514259,6,2732,1.7,LRMSQAVQQRYSTIKQNMGTQFI-,Bind,YSTI,QRYSTI,VQQRYSTI,LRMSQAVQQRYSTI,LRMSQAVQQRYSTIKQNMGTQFI-,VQQRYSTIKQNM,24,QRYSTI,VQQRYSTI,QQRYSTI,RYSTI,QQRYSTI,RYSTI,1,...[FWY]..[LVI]
