UNIPROT ID,UNIPROT ACC,Sequence,Position,Verified,cLIR,xLIR,Anchor,PSSM score (e-value),Species
,O75143,DDFVMI,442‚Äì447,Yes,Yes,Yes,Yes,20 (8.4e-03),Human
Atg1_YEAST,P53104,REYVVV,427‚Äì432,Yes,No,Yes,Yes,14 (5.7e-02),Yeast
Atg32_YEAST,P40458,GSWQAI,84‚Äì89,Yes,No,Yes,Yes,17 (2.2e-02),Yeast
ATG4B_HUMAN** [MM],Q9Y4P1,LTYDTL,6‚Äì11,Yes,No,Yes,No,12 (1.1e-01),Human
Atg19_YEAST,P35193,LTWEEL,410‚Äì415,Yes,No,Yes,No,18 (1.6e-02),Yeast
Atg3_YEAST,P40344,GDWEDL,268‚Äì273,Yes,No,Yes,No,22 (4.4e-03),Yeast
BNI3L_HUMAN,O60238,SSWVEL,34‚Äì39,Yes,No,Yes,Yes,20 (8.4e-03),Human
,P27797,DDWDFL,198‚Äì203,Yes,Yes,Yes,Yes,26 (1.2e-03),Human
,P22681,FGWLSL,800‚Äì805,Yes,No,Yes,Yes,18 (1.6e-02),Human
FUND1_HUMAN,Q8IVP5,DSYEVL,16‚Äì21,Yes,Yes,Yes,No,16 (3.0e-02),Human
OPTN_HUMAN,Q96CV9,DSFVEI,176‚Äì181,Yes,Yes,Yes,Yes,15 (4.2e-02),Human
,Q8MQJ7,DDFVLV,389‚Äì394,Yes,Yes,Yes,Yes,17 (2.2e-02),Drosophila
,Q9SB64,SEWDPI,659‚Äì664,Yes,No,Yes,No,20 (8.4e-03),Arabidopsis
RBCC1_HUMAN,Q8TDY2,FDFETI,700‚Äì705,Yes,No,Yes,Yes,17 (2.2e-02),Human
SQSTM_HUMAN** [LL],Q13501,DDWTHL,336‚Äì341,Yes,No,Yes,Yes,24 (2.3e-03),Human
STBD1_HUMAN** [LN],O95210,EEWEMV,201‚Äì206,Yes,Yes,Yes,No,21 (6.1e-03),Human
T53I1_HUMAN,Q96A56,DEWILV,29‚Äì34,Yes,Yes,Yes,Yes,20 (8.4e-03),Human
,Q3MII6,EDWDII,134‚Äì139,Yes,Yes,Yes,No,24 (2.3e-03),Human
TBCD5_HUMAN,Q92609,KEWEEL,57‚Äì62,Yes,No,Yes,No,20 (8.4e-03),Human
,Q92609,SGFTIV,785‚Äì790,Yes,No,Yes,Yes,11 (1.5e-01),Human
T53I2_HUMAN,Q8IXH6,DGWLII,33‚Äì38,Yes,No,Yes,Yes,21 (6.1e-03),Human
ULK1_HUMAN,O75385,DDFVMV,355‚Äì360,Yes,Yes,Yes,Yes,19 (1.2e-02),Human
ULK2_HUMAN,Q8IYT8,DDFVLV,351‚Äì356,Yes,Yes,Yes,Yes,17 (2.2e-02),Human
CLH1_HUMAN,Q00610,PDWIFL,512‚Äì517,Yes,No,Yes,No,22 (4.4e-03),Human
DVL2_HUMAN,O14641,RMWLKI,442‚Äì447,Yes,No,Yes,No,18 (1.6e-02),Human
,Q9BQS8,AVFDII,1278‚Äì1283,Yes,No,Yes,Yes,8 (3.9e-01),Human
,Q14596,EDYIII,730‚Äì735,Yes,Yes,Yes,Yes,17 (2.2e-02),Human